id,name,location,region,latitude,longitude,climbing_type,listed_styles,rock_type,pitch_type,peak_months,good_months,route_volume,listed_sport_routes,listed_trad_routes,listed_boulder_problems,listed_dws_routes,listed_top_rope_routes,listed_alpine_routes,listed_ice_routes,listed_aid_routes,listed_mixed_routes,route_count_basis,grade_range,nearest_airport,reference_area,reference_url,data_source,overview,monthly_notes,classic_routes,january_score,february_score,march_score,april_score,may_score,june_score,july_score,august_score,september_score,october_score,november_score,december_score
ailefroide,Ailefroide,France,International,44.8875,6.4435,Sport,Sport,Granite,Single + Multi,June | July,September | August,7 climbs,7,0,0,,0,7,0,0,0,,5.7 - 5.13a,Grenoble or Turin,Ailefroide,https://www.mountainproject.com/area/106538157/ailefroide,core,"Overview. Ailefroide is a high valley granite climbing hub in the Écrins region with extensive single pitch sport, bolted multi pitch granite routes, and access toward more alpine objectives.","June: Overview. Ailefroide is a high valley granite climbing hub in the Écrins region with extensive single pitch sport, bolted multi pitch granite routes, and access toward more alpine objectives.",,2,10,8,8,41,96,77,47,71,45,5,1
bishop-area,Bishop Area,California,California,37.36119,-118.39539,Bouldering,Sport,Granite / Volcanic,Single + Multi,November | March,December | January,"3,437 climbs",1428,497,1519,,41,87,2,7,0,,5.6 - 5.14,Mammoth Yosemite Airport or Reno-Tahoe,Bishop Area,https://www.mountainproject.com/area/106064825/bishop-area,docx,High-potential destination from your planning notes.,,"Cardinal Pinnacle (5.10a, trad) | Pratt's Crack (5.9, trad) | Buttermilk Stem (5.10c, trad) | Crystal Bonsai (5.11d, sport) | Owens River Gorge Mega Cliff routes (5.10–5.12, sport)",11121,9621,13521,9845,8958,4174,3683,2994,4410,10813,19369,12088
black-canyon-gunnison,Black Canyon of the Gunnison,Colorado,Colorado,38.57701,-107.73207,Trad,Trad,Gneiss,Multi-pitch,May | September,October | June,150 climbs,0,142,9,,1,0,1,7,1,,5.7 - 5.13,Montrose Regional Airport,Black Canyon of the Gunnison,https://www.mountainproject.com/area/105744397/black-canyon-of-the-gunnison,docx,High-potential destination from your planning notes.,,"Cruise Gully (5.8, trad) | Russian Arete (5.10a, trad) | Scenic Cruise (5.7, trad) | Comic Relief (5.10+, trad) | Maiden Voyage (5.9, trad)",15,21,34,265,1171,594,236,261,894,796,120,36
bow-valley,Bow Valley,Canada,international,51.0884,-115.3496,Sport,Sport,Limestone,Single + Multi,August | July,June | September,"1,438 climbs",1308,90,22,,9,16,22,10,57,,5.6 - 5.13,Calgary International Airport,Bow Valley,https://www.mountainproject.com/area/105893659/bow-valley,docx,High-potential destination from your planning notes.,,"Grillmair Chimneys (5.6, trad) | CMC Valley (5.8, trad) | Unnamed 5.10 (5.10a, sport) | Echo Canyon classics (5.9–5.11, sport) | Grassi Lakes routes (5.10–5.12, sport)",203,229,163,188,570,795,1177,1258,629,249,164,138
bugaboos,Bugaboos,Canada,International,50.7491,-116.78048,Trad,Trad,Granite (alpine),Multi-pitch,August | July,September | June,78 climbs,0,72,4,,3,78,3,10,1,,5.7 - 5.12,Calgary or Cranbrook,Bugaboos,https://www.mountainproject.com/area/105868061/bugaboos,core,"For climbers seeking genuine alpine commitment on world-class rock, the Bugaboo spires in British Columbia's Purcell Mountains represent the gold standard. Fine-grained alpine granite — often compared to Yosemite's rock quality — rises in dramatic spires from active glaciers. The climbing season runs late June through early September, with early July offering the sweet spot: glaciers still well-covered for safe approaches, long days for big routes, and relatively stable weather windows.","July: For climbers seeking genuine alpine commitment on world-class rock, the Bugaboo spires in British Columbia's Purcell Mountains represent the gold standard. Fine-grained alpine granite — often compared to Yosemite's rock quality — rises in dramatic spires from active glaciers. The climbing season runs late June through early September, with early July offering the sweet spot: glaciers still well-covered for safe approaches, long days for big routes, and relatively stable weather windows.","Beckey-Chouinard (5.10, trad) | McTech Arete (5.10a, trad) | Sunshine Crack (5.11, trad) | Northeast Ridge of Bugaboo Spire (5.8, trad) | All Along the Watchtower (5.10+, trad)",42,19,6,13,22,68,988,1350,142,27,24,35
ceuse,Ceuse,France,International,44.4991,5.9366,Sport,Sport,Limestone,Single-pitch,June | July,September | August,208 climbs,207,1,0,,0,0,0,0,0,,5.9 - 5.15a,Grenoble or Marseille,Ceuse,https://www.mountainproject.com/area/106334422/ceuse,core,Solid option when the month and style align with your trip goals.,,"Katina (5.10a, sport) | Papyrus (5.10b, sport) | Zagreb (5.11b, sport) | Blocage Violent (5.12c, sport) | Biographie (5.15a, sport)",2,10,8,7,35,90,71,43,60,41,5,1
chamonix,Chamonix,France,International,45.895,6.8936,Trad,Trad,Granite / Gneiss,Single + Multi,July | August,June | September,17 climbs,1,16,0,,1,17,0,1,0,,5.6 - 5.13,Geneva,Aiguilles de Chamonix,https://www.mountainproject.com/area/107433919/aiguilles-de-chamonix,core,"Chamonix sits at the epicenter of alpinism, but its rock climbing stands entirely on its own merits. The Mont Blanc massif delivers world-class granite — rough, featured, cracksplit — accessed largely by cable car, making ambitious routes surprisingly approachable. July is *the* month here: valley temps of 72–81°F, highs of 50–64°F at climbing altitude around Plan de l'Aiguille (2,300m), and over 15 hours of daylight.","July: Chamonix sits at the epicenter of alpinism, but its rock climbing stands entirely on its own merits. The Mont Blanc massif delivers world-class granite — rough, featured, cracksplit — accessed largely by cable car, making ambitious routes surprisingly approachable. July is *the* month here: valley temps of 72–81°F, highs of 50–64°F at climbing altitude around Plan de l'Aiguille (2,300m), and over 15 hours of daylight.","Rebuffat Route (Aiguille du Midi) (5.10a, trad) | Papillons Arete (5.10a, trad) | Poeme a Lou (5.11b, sport) | Frendo Spur (5.9, trad) | Contamine-Grisolle (5.10c, trad)",2,3,1,1,4,16,44,40,15,5,1,1
city-of-rocks-id,City of Rocks (Idaho),Idaho,Idaho,42.0778,-113.72398,Trad,Trad,Granite,Single + Multi,June | September,August | July,744 climbs,267,386,107,,29,0,0,4,0,,5.5 - 5.12,Salt Lake City or Boise,City of Rocks,https://www.mountainproject.com/area/105739322/city-of-rocks,docx,High-potential destination from your planning notes.,,"Delay of Game (5.8, trad) | Screamers (5.10a, trad) | Lost Arrow (5.10c, trad) | Wheat Thin (5.7, trad) | Parking Lot Rock routes (5.8–5.11, trad)",140,103,664,2218,7226,12610,7262,7411,9708,5012,927,316
cochise-stronghold,Cochise Stronghold,Arizona,Arizona,31.92117,-109.98697,Trad,Trad,Granite,Multi-pitch,January | December,March | February,799 climbs,184,353,278,,16,1,0,9,0,,5.5 - 5.11,Tucson International Airport,Cochise Stronghold,https://www.mountainproject.com/area/105738034/cochise-stronghold,core,Typical April weather: April is widely used for desert mountain climbing in Arizona with generally comfortable temperatures compared to summer.,April: Typical April weather: April is widely used for desert mountain climbing in Arizona with generally comfortable temperatures compared to summer.,"Moby Dick (5.8, trad) | End of the Innocence (5.9, trad) | Endgame (5.10a, trad) | Days of Future Passed (5.9+, trad) | Rockfellow Dome routes (5.7–5.10, trad)",2688,2167,2281,1310,367,126,166,140,319,1242,2045,2418
costa-blanca,Costa Blanca,Spain,International,38.4,-0.5311,Sport,Sport,Limestone,Single + Multi,December | November,March | January,383 climbs,369,16,0,,1,0,0,1,0,,5.6 - 5.13,Alicante-Elche Airport,Costa Blanca,https://www.mountainproject.com/area/106282611/costa-blanca,core,"Typical April weather: Alicante April conditions are generally mild, with average daily highs around the high 60s to low 70s °F. This supports longer climbing days and makes it practical to move between inland sun traps and coastal breezy options.","April: Typical April weather: Alicante April conditions are generally mild, with average daily highs around the high 60s to low 70s °F. This supports longer climbing days and makes it practical to move between inland sun traps and coastal breezy options.","Penyal d'Ifac routes (varies, sport) | Bernia Ridge Traverse (5.6, trad) | Sella cliffs routes (5.9–5.12, sport) | Gandia routes (5.10–5.12, sport) | Echo Valley classics (5.10–5.12, sport)",22,12,24,16,6,1,1,4,5,12,32,100
devils-tower,Devils Tower,Wyoming,Wyoming,44.59048,-104.71507,Trad,Trad,Phonolite,Multi-pitch,September | July,August | May,161 climbs,18,135,6,,2,0,0,16,0,,5.7 - 5.12,Gillette-Campbell County Airport or Rapid City,Devils Tower,https://www.mountainproject.com/area/105714267/devils-tower,docx,High-potential destination from your planning notes.,,"Durrance Route (5.7, trad) | El Matador (5.10c, trad) | Assembly Line (5.9, trad) | Walt Bailey Memorial (5.10a, trad) | Soler (5.7, trad)",54,48,115,284,1340,396,1374,1351,1584,649,164,55
dolomites,Dolomites,Italy,International,46.6174,11.8515,Sport,Sport,Dolomite limestone,Multi-pitch,July | September,August | June,546 climbs,347,192,2,,9,368,0,7,0,,5.5 - 5.13,"Innsbruck, Venice, or Bolzano",Dolomites,https://www.mountainproject.com/area/105967163/dolomites,core,"Northern Italy's Dolomite towers offer a climbing experience unlike anywhere else on Earth. Pale, compact dolomite limestone rises in improbable vertical walls and spires, hosting routes from three pitches to twenty-plus. At climbing elevations of 2,000–3,000m, July temperatures sit between 50–73°F — rarely too hot, with all rifugios staffed, trails snow-free, and lifts running.","June: Overview. The Dolomites are a vast mountain range with countless long routes and a strong multi pitch tradition. Mountain Project frames the range as exceptionally beautiful and emphasizes extensive long route potential. | July: Northern Italy's Dolomite towers offer a climbing experience unlike anywhere else on Earth. Pale, compact dolomite limestone rises in improbable vertical walls and spires, hosting routes from three pitches to twenty-plus. At climbing elevations of 2,000–3,000m, July temperatures sit between 50–73°F — rarely too hot, with all rifugios staffed, trails snow-free, and lifts running.","Spigolo Giallo (Yellow Edge) (5.10a, trad) | Steger Route (5.7, trad) | Via Comici-Dimai (5.10+, trad) | Piaz Crack (5.8, trad) | Via delle Bocchette (Via Ferrata) (5.6, trad)",6,1,1,2,6,98,280,216,225,38,15,3
el-potrero-chico,El Potrero Chico,Mexico,International,25.949,-100.477,Sport,Sport,Limestone,Multi-pitch,January | December,February | March,677 climbs,639,30,9,,7,3,0,0,0,,5.8 - 5.14,Monterrey International Airport,El Potrero Chico,https://www.mountainproject.com/area/105910764/el-potrero-chico,core,"Typical April weather: Monterrey is warm to hot in April, with average daily highs in the mid to high 80s °F, so heat and sun management drive success, especially on long south facing walls.","April: Typical April weather: Monterrey is warm to hot in April, with average daily highs in the mid to high 80s °F, so heat and sun management drive success, especially on long south facing walls.","Time Wave Zero (5.12a, sport) | Yankee Clipper (5.12a, sport) | Space Boy (5.11a, sport) | Snott Girlz (5.10d, sport) | Star Gazer (5.10d, sport)",13751,8357,4348,1006,510,205,164,167,188,1077,4073,11047
el-salto,El Salto,Mexico,International,25.38197,-100.23642,Sport,Sport,Limestone,Single-pitch,January | February,December | March,256 climbs,255,1,0,,2,0,0,0,0,,5.9 - 5.14,Monterrey International Airport,El Salto,https://www.mountainproject.com/area/105963765/el-salto,docx,High-potential destination from your planning notes.,,"Tierra de Sueños (5.11c, sport) | La Bestia (5.12a, sport) | Piñata (5.11a, sport) | Del Cielo routes (5.10–5.12, sport) | Warm-up Wall routes (5.10–5.11, sport)",1226,675,299,59,55,24,33,8,16,16,75,652
eldorado-canyon,Eldorado Canyon State Park,Colorado,Colorado,39.9318,-105.28121,Trad,Trad,Sandstone / Gneiss,Single + Multi,June | May,September | August,"1,293 climbs",117,1032,176,,126,0,1,7,0,,5.6 - 5.13,Denver International Airport,Eldorado Canyon State Park,https://www.mountainproject.com/area/105744246/eldorado-canyon-state-park,docx,High-potential destination from your planning notes.,,"Bastille Crack (5.7, trad) | Yellow Spur (5.9+, trad) | Naked Edge (5.11b, trad) | Rewritten (5.7, trad) | Wind Ridge (5.7, trad)",4367,4123,8536,9708,11744,12694,11361,11480,11622,10678,7888,4265
finale-ligure,Finale Ligure,Italy,International,44.1703,8.337,Sport,Sport,Limestone (marine),Single + Multi,October | September,May | June,207 climbs,207,1,0,,9,0,0,0,0,,5.8 - 5.13,Genoa or Nice,Finale Ligure,https://www.mountainproject.com/area/107467705/finale-ligure,core,"Typical April weather: Daytime temperatures are typically in the low to mid 60s °F range, but spring rain frequency can be notable, so having multiple aspects and quick drying options matters.","April: Typical April weather: Daytime temperatures are typically in the low to mid 60s °F range, but spring rain frequency can be notable, so having multiple aspects and quick drying options matters. | May: Late March through May is explicitly cited as peak spring season, alongside the autumn window. Mild Mediterranean temperatures, long daylight hours, and the coastal setting — where rest days mean beach, gelato, and espresso in the medieval town of Finalborgo — make this the complete climbing destination. Crag diversity across 213 sectors means you can always find the right aspect.","Cresta degli Uccelli (5.9, trad) | Bric Pianarella routes (5.10–5.12, sport) | Rocca di Corno routes (5.10–5.11, sport) | Monte Cucco routes (5.9–5.11, sport) | Perti Wall routes (5.10–5.12, sport)",1,7,15,12,31,29,13,15,44,45,15,8
frankenjura,Frankenjura,Germany,International,49.69429,11.3049,Sport,Sport,Limestone (Jura),Single-pitch,July | May,August | June,"1,531 climbs",1415,116,35,,8,0,0,0,0,,5.8 - 5.14d,Nuremberg,Frankenjura,https://www.mountainproject.com/area/106172652/frankenjura,core,"Spring is described as ""especially ideal"" alongside autumn. By early May the crags have dried from winter wet, and temperatures of 59–68°F suit the often powerful style. Wooded, north-facing crags stay pleasant even on warmer days. The forests come alive with spring blooms, and the region's family-run breweries provide exceptional post-climbing culture.","May: Spring is described as ""especially ideal"" alongside autumn. By early May the crags have dried from winter wet, and temperatures of 59–68°F suit the often powerful style. Wooded, north-facing crags stay pleasant even on warmer days. The forests come alive with spring blooms, and the region's family-run breweries provide exceptional post-climbing culture.","Angel Dust (5.12a, sport) | Harley Davidson (5.11a, sport) | Sautanz (5.11c, sport) | Action Directe (5.14d, sport) | Wall Street area routes (5.10–5.12, sport)",5,4,92,177,329,242,391,324,155,116,30,1
hatun-machay,Hatun Machay,Peru,International,-10.0888,-77.349,Sport,Sport,Volcanic,Single-pitch,June | July,August | October,127 climbs,126,0,1,,0,0,0,0,0,,5.9 - 5.13,"Lima, then bus/flight to Huaraz",Hatun Machay,https://www.mountainproject.com/area/106206480/hatun-machay,core,"May marks the start of the dry season (May–September). Expect sunny, dry mornings with cold nights that can drop to 32°F. Clear skies replace the wet season's afternoon rains, and May sees fewer visitors than the peak months of June through August. This is the transition month — conditions are good and improving.","May: May marks the start of the dry season (May–September). Expect sunny, dry mornings with cold nights that can drop to 32°F. Clear skies replace the wet season's afternoon rains, and May sees fewer visitors than the peak months of June through August. This is the transition month — conditions are good and improving.","Hatun Machay Central Wall routes (5.10–5.12, sport) | Sector Gringo routes (5.9–5.11, sport) | El Anfiteatro routes (5.10–5.12, sport)",18,4,9,13,32,96,76,46,27,45,10,27
horse-pens-40,Horse Pens 40,Alabama,Alabama,33.92134,-86.30839,Bouldering,Trad | Sport,Sandstone,Single-pitch,November | January,December | October,400 climbs,0,0,400,,0,0,0,0,0,,V0 - V12,Birmingham-Shuttlesworth International Airport,Horse Pens 40,https://www.mountainproject.com/area/106094862/horse-pens-40,docx,High-potential destination from your planning notes.,,"Millipede (V4, boulder) | Rumble in the Jungle (V4, boulder) | Mortal Kombat (V7, boulder) | Bumboy (V5, boulder) | Golden Harvest (V3, boulder)",1314,600,791,836,272,172,94,162,401,989,1674,1053
hueco-tanks,Hueco Tanks,Texas,Texas,31.9169,-106.0429,Bouldering,Trad,Syenite,Single-pitch,December | January,February | March,802 climbs,20,32,750,,9,0,0,0,0,,V0 - V14,El Paso International Airport,Hueco Tanks,https://www.mountainproject.com/area/105810691/hueco-tanks,docx,High-potential destination from your planning notes.,,"Mushroom Roof (V4, boulder) | Nobody Here Gets Out Alive (V6, boulder) | Diaphanous Sea (V5, boulder) | Crown Royal (V4, boulder) | Sleeping Dog Boulder routes (V0–V6, boulder)",2275,1988,1781,636,355,123,136,265,259,759,1545,2309
indian-creek,Indian Creek,Utah,Utah,38.02574,-109.53987,Trad,Trad,Sandstone (Wingate),Single-pitch,November | October,April | March,"1,710 climbs",16,1684,10,,20,0,0,14,0,,5.8 - 5.12,Moab (CNY) or Salt Lake City,Indian Creek,https://www.mountainproject.com/area/105716763/indian-creek,core,"Indian Creek sits near Moab in southeast Utah's canyon country, beneath the Six Shooter peaks and close to Canyonlands National Park.","April: Indian Creek sits near Moab in southeast Utah's canyon country, beneath the Six Shooter peaks and close to Canyonlands National Park. | May: May is the tail end of peak spring season, with highs of 75–85°F at 5,765 feet elevation. Shade-chasing keeps things comfortable, though late May begins the transition toward summer heat. The setting — beneath the Six Shooter peaks with Canyonlands as a backdrop — is as dramatic as the climbing.","Supercrack of the Desert (5.10, trad) | Incredible Hand Crack (5.10, trad) | Generic Crack (5.9, trad) | Coyne Crack (5.11, trad) | Lightning Bolt Cracks (5.11, trad)",1529,2357,15199,16227,7868,1302,534,903,5183,25762,28671,2443
joshua-tree,Joshua Tree,California,California,34.0122,-116.16795,Trad,Trad,Granite / Monzogranite,Single-pitch,December | November,January | March,"8,005 climbs",764,4839,1766,,872,0,0,29,0,,5.5 - 5.13,Palm Springs International Airport,Joshua Tree National Park,https://www.mountainproject.com/area/105720495/joshua-tree-national-park,core,"Country and region: United States, Mojave and Colorado desert boundary in southern California.","April: Country and region: United States, Mojave and Colorado desert boundary in southern California.","Illusion Dweller (5.10b, trad) | Intersection Rock – Right Ski Track (5.11a, trad) | Double Cross (5.7, trad) | Equinox (5.12c, trad) | Stem Gem (5.10c, trad)",33790,26575,28711,17402,11569,3921,2027,2021,6735,20966,35437,36751
kalymnos,Kalymnos,Greece,International,36.9526,26.979,Sport,Sport,Limestone,Single + Multi,October | September,November | May,"1,675 climbs",1665,7,2,,3,0,0,0,0,,5.6 - 5.14+,Kos International Airport,Kalymnos,https://www.mountainproject.com/area/106093650/kalymnos,core,"Typical April weather: Daytime temperatures in April on Kalymnos trend from the low to high 60s °F with relatively modest precipitation, making it a strong “all day” climbing month with sector choice for sun and shade.","April: Typical April weather: Daytime temperatures in April on Kalymnos trend from the low to high 60s °F with relatively modest precipitation, making it a strong “all day” climbing month with sector choice for sun and shade. | May: May is near-peak season, second only to October. Temperatures average a comfortable 68–77°F with low humidity and quick-drying rock. The spring window draws fewer climbers than autumn, creating a more relaxed atmosphere. Multiple crag orientations let you chase sun or shade as conditions demand, and the sea becomes swimmable by late May.","DNA (5.11d, sport) | Massalia (5.10c, sport) | Beautiful Helen (5.10b, sport) | Nestoras (5.11d, sport) | Aegialis (5.12b, sport)",112,56,261,471,931,457,515,500,1579,2355,1031,156
lofoten,Lofoten,Norway,International,68.28233,14.18876,Trad,Trad,Granite,Single + Multi,July | August,June | May,89 climbs,15,73,1,,17,4,0,0,0,,5.5 - 5.12,Svolvaer/Leknes or Bodo with ferry,Lofoten,https://www.mountainproject.com/area/106848867/lofoten,core,"Nothing in climbing compares to pulling through a granite crux at midnight, bathed in golden Arctic light. The Lofoten archipelago at 68°N offers 24 hours of continuous daylight through July, plus world-class trad climbing on granite walls that rise directly from the Norwegian Sea. Temperatures of 48–77°F provide ideal friction, and July is statistically the driest period. Rock dries quickly in the constant coastal breeze.","June: Overview. Lofoten is a dramatic coastal granite archipelago offering classic trad multi pitch lines and an expanding sport scene, with many climbs rising almost directly from fjords and sea. Rockfax describes extensive high quality granite climbing with the vast majority traditionally protected. | July: Nothing in climbing compares to pulling through a granite crux at midnight, bathed in golden Arctic light. The Lofoten archipelago at 68°N offers 24 hours of continuous daylight through July, plus world-class trad climbing on granite walls that rise directly from the Norwegian Sea. Temperatures of 48–77°F provide ideal friction, and July is statistically the driest period. Rock dries quickly in the constant coastal breeze.","Vestpillaren Direct (5.10+, trad) | Himmelen kan vente (5.10c, trad) | Forsida (5.9, trad) | Sankthansormen (5.11+, sport) | Gullfaks (5.12a, sport)",1,6,1,1,16,34,149,57,16,10,4,1
maple-canyon,Maple Canyon,Utah,Utah,39.55638,-111.6867,Sport,Sport,Conglomerate,Single-pitch,June | July,September | August,798 climbs,712,7,4,,10,25,80,1,21,,5.9 - 5.13,Salt Lake City International Airport,Maple Canyon,https://www.mountainproject.com/area/105739298/maple-canyon,docx,High-potential destination from your planning notes.,,"Pipedream (5.12c, sport) | Box Car (5.10d, sport) | Cob Rock routes (5.10–5.12, sport) | Orangahang (5.11d, sport) | Living the Dream (5.11a, sport)",205,374,497,1646,6362,9286,7409,6996,7237,3806,802,161
mineral-del-chico,Mineral del Chico,Mexico,International,20.19492,-98.72131,Sport,Sport,Volcanic,Single + Multi,January | December,February | March,15 climbs,12,2,1,,0,0,0,0,0,,5.9 - 5.12,Mexico City International Airport,Mineral del Chico,https://www.mountainproject.com/area/109904127/mineral-del-chico,docx,High-potential destination from your planning notes.,,"Las Ventanas routes (5.10–5.12, sport) | Peña del Cuervo (5.10a, sport) | El Yaqui (5.11b, sport)",15407,9421,4893,1258,683,326,404,321,342,1287,4461,12101
mount-lemmon,Mount Lemmon,Arizona,Arizona,32.4153,-110.7338,Sport,Sport,Granite,Single + Multi,April | December,May | November,"3,101 climbs",1795,867,513,,119,41,0,6,0,,5.5 - 5.12,Tucson International Airport,Mount Lemmon (Catalina Hi…,https://www.mountainproject.com/area/106822703/mount-lemmon-catalina-highway,docx,High-potential destination from your planning notes.,,"Green Slabs (5.7, trad) | The Wedge (5.7+, trad) | Hitchhiker (5.8+, trad) | Sans Nom (5.9, trad) | Overhang Area routes (5.9–5.11, sport)",5024,4308,5291,5881,5514,4423,3347,3814,4328,4283,5372,5769
new-river-gorge,New River Gorge,West Virginia,West Virginia,38.07788,-81.06337,Sport & Trad,Trad | Sport,Sandstone (Nuttall),Single + Multi,October | September,May | July,"1,468 climbs",545,524,396,,51,13,0,3,0,,5.6 - 5.13,"Yeager Airport (Charleston, WV)",New River Gorge Proper,https://www.mountainproject.com/area/106040788/new-river-gorge-proper,docx,High-potential destination from your planning notes.,,"Flight of the Gumby (5.9, sport) | The Entertainer (5.11a, sport) | Zag (5.8, trad) | Leave It to Jesus (5.12a, sport) | Party in My Mind (5.11c, sport)",941,670,2838,5206,7380,5674,6338,5753,9446,9942,6221,1379
paklenica,Paklenica National Park,Croatia,International,44.2935,15.4577,Sport,Sport,Limestone,Single + Multi,June | May,April | September,126 climbs,123,3,0,,0,0,0,0,0,,5.6 - 5.13,Zadar,National Park of Paklenica,https://www.mountainproject.com/area/106700370/national-park-of-paklenica,core,"Overview. Paklenica is a major limestone climbing park with a very large inventory of sport routes, including extensive multi pitch walls plus trad possibilities. Mountain Project states the park has over 175 single pitch sport routes and 125 multi pitch sport routes, plus “plenty of trad routes.”","June: Overview. Paklenica is a major limestone climbing park with a very large inventory of sport routes, including extensive multi pitch walls plus trad possibilities. Mountain Project states the park has over 175 single pitch sport routes and 125 multi pitch sport routes, plus “plenty of trad routes.”","Mosoraski (5.10a, sport) | Velebitaski (5.10b, sport) | Karabore (5.9, sport) | Anica kuk multi-pitch routes (5.9–5.11, sport) | Stap Wall routes (5.10–5.12, sport)",1,1,1,22,42,68,15,7,20,8,2,1
pena-de-bernal,Pena de Bernal,Mexico,International,20.74986,-99.94579,Sport,Sport,Dacite,Multi-pitch,November | January,December | February,80 climbs,68,9,3,,0,0,0,1,0,,5.6 - 5.12,Queretaro International Airport,Peña de Bernal,https://www.mountainproject.com/area/106121301/pena-de-bernal,docx,High-potential destination from your planning notes.,,"Ruta Normal (5.7, trad) | Via Guerreros (5.10a, trad) | South Face routes (5.8–5.11, trad)",49,27,23,13,17,6,4,10,7,7,66,42
red-river-gorge,Red River Gorge,Kentucky,Kentucky,37.67745,-83.68217,Sport,Sport,Sandstone (Corbin),Single-pitch,October | November,May | September,"3,701 climbs",2519,904,273,,40,0,0,5,0,,5.7 - 5.14,Lexington or Cincinnati,Red River Gorge,https://www.mountainproject.com/area/105841134/red-river-gorge,core,"Country and region: United States, eastern Kentucky canyon systems with both public and private climbing areas.","April: Country and region: United States, eastern Kentucky canyon systems with both public and private climbing areas. | May: May sits firmly in the peak spring window. Temperatures average highs around 75°F with manageable humidity — far better than the summer sauna of June through August. The overhanging nature of most crags means light rain rarely shuts down climbing, and the lush Appalachian forest is at its green peak.","Ro Shampo (5.12a, sport) | Tuna Town (5.12a, sport) | Monkey in the Middle (5.11a, sport) | Crucify Me (5.11c, sport) | Amarillo Sunset (5.11b, sport)",4491,4472,26692,29399,31394,20499,16388,17220,30296,58254,45724,9006
red-rock-canyon,Red Rock Canyon,Nevada,Nevada,36.13128,-115.42451,Trad,Trad,Sandstone (Aztec),Single + Multi,November | March,December | January,"2,851 climbs",1105,1675,3,,170,1,0,20,0,,5.4 - 5.14,Harry Reid International Airport (Las Vegas),Red Rocks,https://www.mountainproject.com/area/105731932/red-rocks,core,"Typical April weather: Las Vegas April normals show warming through the month, with normal highs roughly mid 70s °F early to low 80s °F late, and normal lows roughly mid 50s to low 60s °F, which is one of the most comfortable windows for all day climbing in the canyons.","April: Typical April weather: Las Vegas April normals show warming through the month, with normal highs roughly mid 70s °F early to low 80s °F late, and normal lows roughly mid 50s to low 60s °F, which is one of the most comfortable windows for all day climbing in the canyons.","Epinephrine (5.9, trad) | Solar Slab (5.6, trad) | Tunnel Vision (5.7+, trad) | Cat in the Hat (5.6, sport) | Crimson Chrysalis (5.8+, trad)",33632,23820,43391,33212,13740,4133,2390,3171,9144,31246,57801,37720
rifle,Rifle Mountain Park,Colorado,Colorado,39.7159,-107.6912,Sport,Sport,Limestone,Single-pitch,June | July,September | August,495 climbs,495,0,1,,0,0,0,0,0,,5.10 - 5.14b,Grand Junction or Eagle/Vail,Rifle Mountain Park,https://www.mountainproject.com/area/105744310/rifle-mountain-park,docx,High-potential destination from your planning notes.,,"Tombstone (5.12d, sport) | Living in Fear (5.13b, sport) | Flex Luthor (5.14b, sport) | Project Wall routes (5.12–5.14, sport) | Anti Phil (5.13a, sport)",63,22,371,957,3689,5299,5237,4463,4821,2329,347,122
rmnp-rock,RMNP - Rock,Colorado,Colorado,40.3753,-105.61598,Trad,Trad,Granite,Single + Multi,August | July,September | June,655 climbs,11,376,267,,1,557,0,4,0,,5.4 - 5.13,Denver International Airport,RMNP - Rock,https://www.mountainproject.com/area/105744460/rmnp-rock,docx,High-potential destination from your planning notes.,,"Casual Route (5.10a, trad) | Petit Grepon North Face (5.8, trad) | Spearhead – Sykes Sickle (5.10, trad) | D7 (5.7, trad) | Hallett Peak routes (5.8–5.10, trad)",97,67,141,115,338,2121,4707,4768,2296,379,148,60
rumney,Rumney,New Hampshire,New Hampshire,43.8021,-71.8367,Sport,Sport,Schist,Single-pitch,September | August,October | July,"1,159 climbs",608,190,352,,19,29,0,8,0,,5.6 - 5.14,Manchester-Boston Regional Airport,*Rumney,https://www.mountainproject.com/area/105867829/rumney,docx,High-potential destination from your planning notes.,,"Clip a Dee Doo Dah (5.7, sport) | Bloody Hand (5.12a, sport) | Waimea (5.12d, sport) | China Beach (5.10a, sport) | Flying Hawaiian (5.12b, sport)",600,433,2833,8168,15440,15142,17331,21061,24219,18828,6483,1000
sinks-canyon,Sinks Canyon,Wyoming,Wyoming,42.73907,-108.83038,Sport,Sport,Dolomite,Single-pitch,June | July,May | August,932 climbs,748,46,138,,7,0,0,0,0,,5.8 - 5.13,Riverton Regional Airport or Casper,Sinks Canyon,https://www.mountainproject.com/area/105827053/sinks-canyon,docx,High-potential destination from your planning notes.,,"Killer Cave routes (5.12+, sport) | Wolf Point routes (5.10–5.11, sport) | Shady Side routes (5.9–5.11, sport)",537,389,691,889,1790,1973,1950,1701,1698,1550,953,438
siurana,Siurana,Spain,International,41.25772,0.93202,Sport,Sport,Limestone,Single-pitch,November | March,February | October,331 climbs,331,0,0,,0,0,0,0,0,,5.9 - 5.15a,Barcelona or Reus,Siurana,https://www.mountainproject.com/area/106624710/siurana,core,"March through May is explicitly high season. May averages 64°F with highs reaching 86°F on warmer days. The occasional rain never lasts more than a day or two, and shaded sectors provide relief when temperatures climb. Crowds thin compared to the packed November–March winter peak.","May: March through May is explicitly high season. May averages 64°F with highs reaching 86°F on warmer days. The occasional rain never lasts more than a day or two, and shaded sectors provide relief when temperatures climb. Crowds thin compared to the packed November–March winter peak.","Mandragora (5.12a, sport) | Remena Nina (5.11d, sport) | Crosta Panic (5.11c, sport) | La Rambla (5.15a, sport) | Joe Blau (5.11a, sport)",52,158,197,142,72,15,40,5,44,143,212,134
skaha-bluffs,Skaha Bluffs,Canada,International,49.44127,-119.56339,Sport,Sport,Gneiss,Single-pitch,September | October,May | April,931 climbs,793,134,1,,51,0,0,1,0,,5.5 - 5.12,Kelowna or Penticton,Skaha Bluffs,https://www.mountainproject.com/area/105946462/skaha-bluffs,docx,High-potential destination from your planning notes.,,"Neat and Cool (5.10b, trad) | Blazing Saddles (5.10a, sport) | Space Boy (5.9, sport) | Elusive Edge (5.10b, trad) | Great White Wall routes (5.9–5.11, sport)",85,13,356,867,974,698,789,636,1409,1300,82,57
smith-rock,Smith Rock,Oregon,Oregon,44.36779,-121.13906,Sport,Sport,Volcanic welded tuff,Single + Multi,October | May,September | June,"1,484 climbs",974,413,91,,74,0,0,13,6,,5.5 - 5.14,Redmond (RDM) or Portland,Smith Rock,https://www.mountainproject.com/area/105788989/smith-rock,core,"May averages 68°F highs with only three rain days, making it one of the two best months (alongside October). By summer, temperatures regularly exceed 100°F. The high-desert microclimate runs warmer and drier than surrounding areas, with over 200 days of sunshine per year. Mornings often start crisp in the sun before you begin chasing shade by afternoon.","May: May averages 68°F highs with only three rain days, making it one of the two best months (alongside October). By summer, temperatures regularly exceed 100°F. The high-desert microclimate runs warmer and drier than surrounding areas, with over 200 days of sunshine per year. Mornings often start crisp in the sun before you begin chasing shade by afternoon.","Chain Reaction (5.12c, sport) | Five Gallon Buckets (5.8, sport) | Wherever I May Roam (5.9, trad) | Karate Crack (5.10a, trad) | Moonshine Dihedral (5.9, trad)",3753,4338,9889,11664,16636,13010,9225,8587,14410,20704,11938,3165
squamish,Squamish,Canada,International,49.98612,-123.30878,Sport,Sport,Granite,Single + Multi,July | May,August | September,37 climbs,37,0,0,,0,0,0,0,0,,5.5 - 5.14,Vancouver International Airport,Squamish Valley,https://www.mountainproject.com/area/107780485/squamish-valley,core,"Squamish, British Columbia, is the anchor of any serious July climbing trip to North America. July is statistically the driest month of the year here, with average highs of 72–73°F — ideal conditions on glacier-carved granite that offers superb friction and featured crack systems. The Stawamus Chief, a 700m granite monolith, dominates the skyline, while the Smoke Bluffs, Apron, and Cheakamus Canyon round out an enormous route inventory spanning every style.","June: Overview. Squamish is an international granite center with both roadside single pitch and major multi pitch walls, supporting everything from easier slabs to hard crack and steep sport. | July: Squamish, British Columbia, is the anchor of any serious July climbing trip to North America. July is statistically the driest month of the year here, with average highs of 72–73°F — ideal conditions on glacier-carved granite that offers superb friction and featured crack systems. The Stawamus Chief, a 700m granite monolith, dominates the skyline, while the Smoke Bluffs, Apron, and Cheakamus Canyon round out an enormous route inventory spanning every style.","The Grand Wall (5.11a, trad) | Angel's Crest (5.10b, trad) | University Wall (5.12-, trad) | Star Chek (5.9, sport) | The Diedre (5.8, trad)",1,1,1,3,45,9,50,40,32,4,1,1
tahquitz,Tahquitz Rock,California,California,33.76025,-116.68322,Trad,Trad,Granite,Multi-pitch,June | May,July | August,210 climbs,3,202,0,,11,0,6,3,6,,5.4 - 5.12,Palm Springs International Airport,Tahquitz Rock,https://www.mountainproject.com/area/105788031/tahquitz-rock,docx,High-potential destination from your planning notes.,,"The Trough (5.4, trad) | Fingertrip (5.7, trad) | Wunsch's Dihedral (5.11c, trad) | Piton Pooper (5.7, trad) | Vampire (5.11a, trad)",213,221,333,1232,2465,3138,2392,2071,1898,1588,769,273
ten-sleep-canyon,Ten Sleep Canyon,Wyoming,Wyoming,44.13869,-107.24497,Sport,Sport,Dolomite limestone,Single-pitch,July | August,June | September,979 climbs,921,11,47,,1,0,2,0,0,,5.8 - 5.13,"Cody, Billings, or Casper",Ten Sleep Canyon,https://www.mountainproject.com/area/105819641/ten-sleep-canyon,core,"For the pure sport climber, Ten Sleep Canyon in Wyoming's Bighorn Mountains is July's premier North American destination. Over 1,000 bolted routes on beautiful gold-and-blue-streaked dolomite limestone fill this canyon, with the upper crags sitting at 7,000–7,500 feet — roughly 15°F cooler than the valley floor. The entire canyon falls into shade around 1 PM, creating excellent afternoon conditions even on the hottest days. July and August are considered peak months.","July: For the pure sport climber, Ten Sleep Canyon in Wyoming's Bighorn Mountains is July's premier North American destination. Over 1,000 bolted routes on beautiful gold-and-blue-streaked dolomite limestone fill this canyon, with the upper crags sitting at 7,000–7,500 feet — roughly 15°F cooler than the valley floor. The entire canyon falls into shade around 1 PM, creating excellent afternoon conditions even on the hottest days. July and August are considered peak months.","Great White Behemoth (5.12b, sport) | Wyoming Flower Child (5.11d, sport) | Cocaine Rodeo (5.12a, sport) | Beer Bong (5.10b, sport) | Water into Wine (5.9, sport)",36,43,75,213,2164,9182,19268,13162,8682,1242,184,128
the-needles-ca,The Needles (CA),California,California,36.11985,-118.50838,Trad,Trad,Granite,Multi-pitch,June | July,August | September,103 climbs,5,95,3,,4,0,0,0,0,,5.5 - 5.12,Bakersfield or Fresno-Yosemite,The Needles,https://www.mountainproject.com/area/105851693/the-needles,docx,High-potential destination from your planning notes.,,"Witch (5.7, trad) | Thin Ice (5.10a, trad) | Romantic Warrior (5.12b, trad) | Airy Interlude (5.10a, trad) | Igor Unchained (5.10c, trad)",30,18,33,38,546,862,829,639,586,306,79,33
todra-gorge,Todra Gorge,Morocco,International,31.5869,-5.5911,Sport,Sport,Limestone,Single + Multi,December | November,February | July,467 climbs,444,24,1,,26,3,0,1,0,,5.8 - 5.13,Marrakech (7 hrs) or Ouarzazate,Todra Gorge,https://www.mountainproject.com/area/106345914/todra-gorge,core,"Typical April weather: Tinghir in April typically warms into the 70s °F daytime, which supports climbing in shade and sun depending on wall orientation.","April: Typical April weather: Tinghir in April typically warms into the 70s °F daytime, which supports climbing in shade and sun depending on wall orientation. | May: Spring is peak season, with May daytime temperatures around 68–77°F — ideal before the 104°F+ summer furnace. Low humidity and excellent friction make the compact limestone sing. The gorge walls narrow to just 10 meters apart and rise 400 meters, creating natural shade corridors.","La Classique (5.10d, sport) | Chibania (5.11a, sport) | Tighefa (5.11b, sport) | Docteur Excentrique (5.10b, sport) | Pilier du Couchant routes (5.9–5.11, sport)",12,15,10,3,4,4,15,1,1,6,35,36
tuolumne-meadows,Tuolumne Meadows,California,California,37.87401,-119.35782,Trad,Trad,Granite,Multi-pitch,August | July,September | June,"1,119 climbs",183,697,210,,142,290,2,8,1,,5.4 - 5.12,Fresno-Yosemite or Reno-Tahoe,Tuolumne Meadows,https://www.mountainproject.com/area/105833384/tuolumne-meadows,core,"While Yosemite Valley swelters at 90°F+ in July, Tuolumne Meadows sits at 8,600 feet with average highs of just 72°F and an average of one rain day per month. This is peak season for Sierra high-country granite — domes, peaks, and knife-edge ridges offering trad climbing on some of the finest granite in the world. Knobs (chickenheads), glacier-polished edges, and angular cracks characterize the climbing.","May: May is widely regarded as the single best month for Valley climbing. Average highs of 71°F with lows around 45°F produce ideal granite friction without the punishing 95°F+ heat of midsummer. Waterfalls hit peak flow, and long days enable ambitious link-ups. If Tioga Road opens in late May, Tuolumne Meadows at 8,600 feet adds world-class slab and crack climbing in an alpine setting. | June: Overview. Tuolumne offers high elevation granite domes and crags with a distinct friction and face climbing character, plus cracks, often feeling more alpine than Yosemite Valley. | July: While Yosemite Valley swelters at 90°F+ in July, Tuolumne Meadows sits at 8,600 feet with average highs of just 72°F and an average of one rain day per month. This is peak season for Sierra high-country granite — domes, peaks, and knife-edge ridges offering trad climbing on some of the finest granite in the world. Knobs (chickenheads), glacier-polished edges, and angular cracks characterize the climbing.","Regular Route (Fairview Dome) (5.9, trad) | Matthes Crest Traverse (5.7, trad) | Lucky Streaks (5.10c, trad) | West Crack (Daff Dome) (5.9, trad) | Cathedral Peak SE Buttress (5.6, trad)",224,208,205,229,697,5275,10481,10739,8161,2242,482,225
valle-dellorco,Valle dell'Orco,Italy,International,45.4163,7.4631,Trad,Trad,Granite / Gneiss,Single + Multi,July | August,September | June,35 climbs,9,26,0,,1,0,0,0,0,,5.5 - 5.12,Turin or Milan,Valle dell' Orco,https://www.mountainproject.com/area/107469936/valle-dell-orco,core,"Tucked inside Gran Paradiso National Park in Piedmont, Valle dell'Orco earns its nickname as the ""Little Yosemite of Europe"" through honest granite crack systems that reward proper jamming technique. The walls of Sergent, Caporal, and Torre di Aimonin fracture into cracks of every width — fingers, hands, fists, offwidths — on solid granite and gneiss.","June: Overview. Valle dell’Orco is a renowned granite valley with crack and slab climbing often compared in style to Yosemite, with many trad protected routes and multi pitch options. | July: Tucked inside Gran Paradiso National Park in Piedmont, Valle dell'Orco earns its nickname as the ""Little Yosemite of Europe"" through honest granite crack systems that reward proper jamming technique. The walls of Sergent, Caporal, and Torre di Aimonin fracture into cracks of every width — fingers, hands, fists, offwidths — on solid granite and gneiss.","Via Yoghi (5.9, trad) | Pesce D'Aprile (5.9, trad) | Cochise (5.9, trad) | Sitting Bull (5.11c, trad) | Kosterlitz (5.10d, trad)",14,47,60,94,91,226,424,376,329,151,88,77
verdon-gorge,Verdon Gorge,France,International,43.7463,6.3724,Sport,Sport,Limestone,Multi-pitch,October | May,June | April,60 climbs,56,6,0,,4,0,0,0,0,,5.8 - 5.13,Nice or Marseille,Gorge du Verdon,https://www.mountainproject.com/area/107437053/gorge-du-verdon,core,"Country and region: , Provence Alpes Côte d’Azur, centered around La Palud sur Verdon and Castellane.","April: Country and region: , Provence Alpes Côte d’Azur, centered around La Palud sur Verdon and Castellane. | June: Overview. Verdon is widely regarded as one of Europe’s iconic limestone climbing destinations, supporting everything from short technical single pitch routes to all day multi pitch adventures.","La Demande (5.10b, trad) | Pichenibule (5.10, sport) | La Ula (5.10d, trad) | Afin Que Nul Ne Meure (5.10a, mixed) | Mangoustine (5.13a, sport)",5,1,3,16,19,17,12,8,16,24,12,1
wild-iris,Wild Iris,Wyoming,Wyoming,42.5792,-108.71795,Sport,Sport,Dolomite limestone,Single-pitch,July | August,June | September,390 climbs,387,1,5,,0,0,0,0,0,,5.8 - 5.13,Riverton or Casper,Wild Iris,https://www.mountainproject.com/area/105840796/wild-iris,docx,High-potential destination from your planning notes.,,"Cowboy Poetry (5.10d, sport) | Wind and Rattlesnakes (5.11a, sport) | Main Wall routes (5.10–5.12, sport) | OK Corral routes (5.10–5.12, sport) | Erratic Wall routes (5.10–5.11, sport)",42,35,22,100,947,6182,13735,9820,6162,1328,134,67
yosemite-valley,Yosemite Valley,California,California,37.72349,-119.63452,Trad,Trad,Granite,Multi-pitch,October | May,September | June,"1,873 climbs",223,1096,533,,74,2,2,154,0,,5.4 - 5.14,Fresno-Yosemite or San Francisco/Oakland,Yosemite Valley,https://www.mountainproject.com/area/105833388/yosemite-valley,core,"May is widely regarded as the single best month for Valley climbing. Average highs of 71°F with lows around 45°F produce ideal granite friction without the punishing 95°F+ heat of midsummer. Waterfalls hit peak flow, and long days enable ambitious link-ups. If Tioga Road opens in late May, Tuolumne Meadows at 8,600 feet adds world-class slab and crack climbing in an alpine setting.","May: May is widely regarded as the single best month for Valley climbing. Average highs of 71°F with lows around 45°F produce ideal granite friction without the punishing 95°F+ heat of midsummer. Waterfalls hit peak flow, and long days enable ambitious link-ups. If Tioga Road opens in late May, Tuolumne Meadows at 8,600 feet adds world-class slab and crack climbing in an alpine setting. | June: Overview. Yosemite Valley is a global benchmark for granite trad, with many sustained crack and corner systems and long multi pitch climbs. | July: While Yosemite Valley swelters at 90°F+ in July, Tuolumne Meadows sits at 8,600 feet with average highs of just 72°F and an average of one rain day per month. This is peak season for Sierra high-country granite — domes, peaks, and knife-edge ridges offering trad climbing on some of the finest granite in the world. Knobs (chickenheads), glacier-polished edges, and angular cracks characterize the climbing.","Serenity/Sons of Yesterday (5.10d, trad) | East Buttress of Middle Cathedral (5.10c, trad) | Astroman (5.11c, trad) | Rostrum North Face (5.11c, trad) | Nutcracker (5.8, trad)",2877,3502,4074,9895,15007,12189,6050,5524,12277,21388,9884,3113
zion,Zion National Park,Utah,Utah,37.25928,-112.97265,Trad,Trad,Sandstone (Navajo),Multi-pitch,November | October,April | March,424 climbs,39,311,55,,8,2,5,72,2,,5.8 - 5.13,St. George Regional Airport or Las Vegas,Zion National Park,https://www.mountainproject.com/area/105716799/zion-national-park,docx,"May averages 68°F highs with only three rain days, making it one of the two best months (alongside October). By summer, temperatures regularly exceed 100°F. The high-desert microclimate runs warmer and drier than surrounding areas, with over 200 days of sunshine per year. Mornings often start crisp in the sun before you begin chasing shade by afternoon.","May: May averages 68°F highs with only three rain days, making it one of the two best months (alongside October). By summer, temperatures regularly exceed 100°F. The high-desert microclimate runs warmer and drier than surrounding areas, with over 200 days of sunshine per year. Mornings often start crisp in the sun before you begin chasing shade by afternoon.","Moonlight Buttress (5.12d, trad) | Touchstone Wall (5.11+, trad) | Shune's Buttress (5.11+, trad) | Prodigal Sun (5.10+, trad) | Tricks of the Trade (5.10, trad)",451,542,1557,1831,1319,725,285,484,1030,2051,2302,709
arco,Arco,Italy,International,45.918,10.886,Sport,Trad | Sport,Limestone,Single + Multi,October | April,May | November,"3,200 climbs",2800,400,0,,0,0,0,0,0,,5.6 - 5.13a,Verona or Milan Bergamo,Arco,,research,World-renowned sport climbing mecca on Lake Garda with thousands of bolted limestone routes across dozens of crags.,,"Colodri NW Face (5.7, trad) | Nuvole Bianche (5.11a, sport) | Piccolo Dain routes (5.10a, sport) | Massone sector (5.9-5.12, sport) | Laghel sector (5.10-5.12, sport)",30,40,65,85,75,40,15,15,55,95,75,35
tafraoute,Tafraoute,Morocco,International,29.72,-8.98,Trad,Trad | Sport,Granite,Single + Multi,November | March,April | October,600 climbs,200,400,0,,0,0,0,0,0,,5.6 - 5.12a,Agadir,Tafraoute,,research,Remote Moroccan granite paradise in the Anti-Atlas mountains with excellent trad climbing and bouldering in a stunning desert landscape.,,"Napoleon's Hat (5.9, trad) | Lion's Face routes (5.8-5.11, trad) | Jebel el Kest routes (5.7-5.10, trad) | Ameln Valley boulders (V0-V8, boulder) | Taskra routes (5.9-5.11, trad)",45,60,85,75,35,5,1,1,15,65,95,55
taghia,Taghia Gorge,Morocco,International,31.4020498,-5.01143,Sport,Sport | Trad,Limestone,Single + Multi,April | May,June | July,400+ climbs,290,110,0,,0,0,0,0,0,,5.11 - 5.13,Marrakesh Menara Airport,Taghia Gorge,,research,"Taghia is a high-altitude limestone wall destination where multipitch and big-wall options dominate. The area sits around 1,700m, so it stays viable through spring while lower destinations can already feel warm. Typical routes span roughly 500–800m, and a broad mix of long sport lines and trad opportunities makes it a strong late-spring benchmark for climbers who want real day-to-day wall volume.","April: Taghia is repeatedly described as a mid-season prime area in April, with broad limestone routes and big wall terrain that suits spring timing. Early starts and wall selection are key: higher elevation and shaded aspects keep temperatures manageable while your route selection lets you stay on the right heat-management profile. | May: By May, Taghia remains a major option because of its elevation and route length. The common strategy is to prioritize a cool early start, then shift to the right face as the day warms.","North Face of Aghargh (5.11c, sport) | Taghia East Ridge (5.12b, sport) | Cascading Pillars (5.11a, trad) | Lower Basin Wall (5.12+, sport) | Anaca Wall (5.13a, sport)",1,1,3,62,76,22,9,3,5,2,1,1
margalef,Margalef,Spain,International,41.29,0.76,Sport,Sport,Conglomerate / Limestone,Single-pitch,October | April,May | November,"1,200 climbs",1200,0,0,,0,0,0,0,0,,5.9 - 5.14c,Barcelona or Reus,Margalef,,research,"World-class steep sport climbing on unique conglomerate rock near Siurana in Catalonia, known for powerful pocketed climbing.",,"Raco de la Finestra routes (5.11-5.13, sport) | Hospital sector (5.10-5.12, sport) | Racó del Moli (5.11-5.13, sport) | Laboratori (5.10-5.12, sport) | Poble Vell (5.10-5.12, sport)",30,40,65,85,75,40,15,15,55,95,75,35
leonidio,Leonidio,Greece,International,37.16,22.86,Sport,Sport,Limestone (Tufas),Single-pitch,October | April,May | November,"1,800 climbs",1800,0,0,,0,0,0,0,0,,5.8 - 5.14b,Athens,Leonidio,,research,Premier Greek sport climbing destination with incredible tufa-covered limestone walls overlooking the sea.,,"Sector Sabaton routes (5.11-5.13, sport) | Elona Monastery Wall (5.10-5.12, sport) | Sector Fivos (5.10-5.12, sport) | Sector Kokkinovrachos (5.11-5.13, sport) | Hot Rock sector (5.10-5.12, sport)",30,40,65,85,75,40,15,15,55,95,75,35
mount-arapiles,Mount Arapiles,Australia,International,-36.76,141.83,Trad,Trad | Sport,Sandstone (quartzite),Single + Multi,March | November,April | October,"2,200 climbs",400,1800,0,,0,0,0,0,0,,5.4 - 5.13a,Melbourne,Mount Arapiles,,research,Australia's most famous trad climbing destination with exceptional quality rock and an enormous variety of routes on a striking sandstone bluff.,,"Kachoong (5.10d, trad) | Conquistador (5.10d, trad) | Scorpion (5.9, trad) | Thunder Crack (5.10b, trad) | Bard (5.12a, trad)",65,70,85,80,50,25,20,25,55,80,85,60
liming,Liming,China,International,26.65,100.14,Trad,Trad | Sport,Sandstone,Single-pitch,October | November,April | March,300 climbs,50,250,0,,0,0,0,0,0,,5.8 - 5.12a,Lijiang (~4 hours away),Liming,,research,China's premier trad destination with excellent sandstone crack climbing in a Naxi village setting in Yunnan province.,,"Scarface II (5.10-5.11, trad) | Japanese Cowboy (5.10, trad) | Ding Dong's Crack (5.10, trad) | Naxi crack lines (5.9-5.11, trad) | Village Wall routes (5.9-5.11, trad)",30,40,60,70,50,15,10,10,40,85,75,35
tsaranoro,Tsaranoro Valley,Madagascar,International,-22.09,46.88,Sport,Trad | Sport,Granite / Gneiss,Multi-pitch,May | June,August | April,120 climbs,80,40,0,,0,0,0,0,0,,5.8 - 5.12d,Antananarivo (long overland journey),Tsaranoro Valley,,research,Remote Madagascar big wall destination with spectacular multi-pitch climbing on massive granite faces in a unique ecosystem.,,"Out of Africa (5.11d, sport) | Chameleon Air Society (5.10d, sport) | Rain de Tsara (5.10a, sport) | Brousse Line (5.10b, sport) | Mora Mora (5.9, sport)",30,25,55,80,90,85,80,85,75,55,35,25
blue-mountains-au,Blue Mountains,Australia,International,-33.72,150.31,Trad,Trad | Sport,Sandstone,Single + Multi,March | November,April | October,"1,800 climbs",300,1500,0,,0,0,0,0,0,,5.5 - 5.13a,Sydney,Blue Mountains,,research,"Classic Australian sandstone climbing near Sydney with atmospheric gorges, steep walls, and excellent crack climbing.",,"Porters Pass routes (5.8-5.11, trad) | Cosmic County (5.10a, trad) | Flake Crack (5.9, trad) | Centennial Glen classics (5.8-5.11, trad) | Pierces Pass routes (5.7-5.10, trad)",65,70,85,80,50,25,20,25,55,80,85,60
waterval-boven,Waterval Boven,South Africa,International,-25.63,30.35,Sport,Trad | Sport,Quartzite,Single-pitch,May | June,August | July,700 climbs,600,100,0,,0,0,0,0,0,,5.8 - 5.13b,Johannesburg OR Tambo,Waterval Boven,,research,"South Africa's top sport climbing venue with bullet-hard quartzite and steep, featured walls in the Mpumalanga escarpment.",,"Freak On (5.11d, sport) | Lotter's Desire (5.12c, sport) | Urbisk the Rustic Brownie (5.11b, sport) | God No Wall routes (5.11-5.12, sport) | Superbowl routes (5.11-5.13, sport)",20,20,45,65,80,80,75,80,70,50,30,20
nowra,Nowra,Australia,International,-34.88,150.6,Sport,Trad | Sport,Sandstone,Single-pitch,March | November,April | October,600 climbs,400,200,0,,0,0,0,0,0,,5.7 - 5.13a,Sydney,Nowra,,research,Popular NSW sport and trad climbing area south of Sydney with varied sandstone crags and year-round climbing potential.,,"Thompson's Point routes (5.10-5.12, sport) | Bungonia Gorge classics (5.8-5.11, trad) | North Wall routes (5.10-5.12, sport) | Bomaderry Creek routes (5.9-5.11, sport) | St Ives area (5.9-5.11, sport)",65,70,85,80,50,25,20,25,55,80,85,60
frog-buttress,Frog Buttress,Australia,International,-28.23,152.33,Trad,Trad | Sport,Rhyolite,Single-pitch,May | April,June | August,300 climbs,50,250,0,,0,0,0,0,0,,5.6 - 5.12a,Brisbane,Frog Buttress,,research,Queensland's best trad climbing crag with excellent columnar rhyolite providing superb crack and face climbing.,,"Infinity (5.10a, trad) | Kachoong (5.10c, trad) | Genesis (5.9, trad) | Dawn Wall (5.8, trad) | Power of One (5.11a, trad)",30,30,55,75,80,75,70,75,70,55,40,30
ogawayama,Ogawayama,Japan,International,35.98,138.56,Bouldering,Trad | Sport,Granite,Single + Multi,September | June,May | October,700 climbs,50,150,500,,0,0,0,0,0,,5.6 - 5.12a,Tokyo (Narita or Haneda),Ogawayama,,research,"Japan's premier granite climbing and bouldering destination in the Nagano highlands, set in a beautiful mountain forest.",,"Selection (5.8, trad) | Granite boulders V0-V10 (V0-V10, boulder) | Stream-side crack lines (5.9-5.11, trad) | Campground walls (5.8-5.10, trad) | Forest slab routes (5.7-5.10, sport)",1,5,15,40,70,80,60,65,85,70,25,3
wadi-rum,Wadi Rum,Jordan,International,29.57,35.42,Trad,Trad | Sport,Sandstone,Single + Multi,November | March,April | October,600 climbs,100,500,0,,0,0,0,0,0,,5.6 - 5.11d,Aqaba or Amman,Wadi Rum,,research,Legendary desert trad climbing on massive sandstone towers and domes in Jordan's spectacular Wadi Rum desert landscape.,,"The Beauty (5.10a, trad) | Merlin's Wand (5.10b, trad) | Inferno (5.10d, trad) | Pillar of Wisdom (5.9, trad) | Sabbah's Route (5.7, trad)",45,60,85,75,35,5,1,1,15,65,95,55
albarracin,Albarracín,Spain,International,40.41,-1.44,Bouldering,Sport,Sandstone,Single-pitch,November | October,April | March,"3,000 climbs",0,0,3000,,0,0,0,0,0,,V0 - V13,Valencia or Zaragoza,Albarracín,,research,World-class sandstone bouldering destination in Aragon with thousands of problems scattered through pine forests above a medieval village.,,"La Fuente boulders (V2-V8, boulder) | Techos sector (V3-V10, boulder) | Callejones sector (V0-V6, boulder) | Medio Caballo boulders (V1-V8, boulder) | Pinar area (V0-V5, boulder)",15,30,70,80,55,20,8,8,45,85,95,25
rodellar,Rodellar,Spain,International,42.21,-0.08,Sport,Trad | Sport,Limestone,Single + Multi,May | September,June | October,850 climbs,800,50,0,,0,0,0,0,0,,5.9 - 5.14b,Zaragoza or Barcelona,Rodellar,,research,"World-class steep limestone sport climbing in the stunning Mascún Canyon of the Spanish Pyrenees, famous for endurance routes.",,"Cienfuegos (5.12c, sport) | Bienvenidos a Mi Insomnio (5.12a, sport) | Ojo del Buitre (5.11c, sport) | Surgencia sector (5.10-5.12, sport) | Mascun Gorge multi-pitch (5.10-5.11, sport)",10,20,40,70,95,80,50,45,90,75,35,12
alcaniz,Alcañiz,Spain,International,41.05,-0.13,Sport,Sport,Limestone / Sandstone,Single-pitch,October | April,May | November,300 climbs,300,0,0,,0,0,0,0,0,,5.8 - 5.12b,Zaragoza,Alcañiz,,research,Aragon sport climbing area with interesting rock features and a good concentration of moderate routes.,,"Val del Charco del Agua Amarga (5.10-5.12, sport) | Sector Principal (5.9-5.11, sport) | Sector de la Cueva (5.10-5.12, sport)",30,40,65,85,75,40,15,15,55,95,75,35
quiros,Quirós,Spain,International,43.15,-5.98,Sport,Trad | Sport,Limestone,Single + Multi,June | May,September | July,500 climbs,400,100,0,,0,0,0,0,0,,5.8 - 5.13a,Asturias (Oviedo),Quirós,,research,Asturian limestone climbing in the green mountains of northern Spain with quality sport routes and cooler summer temps.,,"Teverga crags (5.10-5.12, sport) | Peña Rueda routes (5.9-5.11, sport) | Quirós gorge walls (5.10-5.12, sport) | La Foz sectors (5.9-5.11, sport)",10,15,35,60,80,85,75,70,80,65,30,12
fontainebleau,Fontainebleau,France,International,48.39,2.7,Bouldering,Sport,Sandstone,Single-pitch,October | April,September | May,"30,000 climbs",0,0,30000,,0,0,0,0,0,,V0 - V15,Paris (CDG or Orly),Fontainebleau,,research,The birthplace and Mecca of bouldering with tens of thousands of problems across hundreds of sectors in a vast forest south of Paris.,,"Isatis circuit (V2-V5, boulder) | Cuvier Rempart (V0-V8, boulder) | Elephant (V1, boulder) | L'Angle Allain (V3, boulder) | C'est Pas Moi (V4, boulder)",5,15,55,80,65,40,30,35,75,90,45,8
briancon,Briançon / Hautes-Alpes,France,International,44.9,6.63,Sport,Trad | Sport,Granite / Gneiss,Single + Multi,July | August,June | September,"1,500 climbs",1000,500,0,,0,0,0,0,0,,5.6 - 5.13a,Grenoble or Turin,Briançon / Hautes-Alpes,,research,High-altitude cragging hub in the French Alps with extensive sport and trad options across granite and gneiss crags in the Écrins region.,,"Freissinières gorge routes (5.9-5.11, sport) | Les Vigneaux crags (5.8-5.11, sport) | Ailefroide valley walls (5.10-5.12, trad) | L'Argentière-la-Bessée (5.9-5.12, sport) | Vallouise crags (5.8-5.11, sport)",1,2,5,12,35,85,100,90,55,12,3,1
les-calanques,Les Calanques,France,International,43.21,5.44,Sport,Trad | Sport,Limestone,Single + Multi,October | April,May | November,"2,000 climbs",1500,500,0,,0,0,0,0,0,,5.6 - 5.13a,Marseille,Les Calanques,,research,Spectacular Mediterranean sea-cliff climbing near Marseille with stunning turquoise calanques and both single and multi-pitch routes.,,"En Vau classic routes (5.8-5.11, trad) | Sormiou sector (5.9-5.12, sport) | Morgiou walls (5.10-5.12, sport) | Devenson sector (5.9-5.11, sport) | Cap Canaille routes (5.9-5.12, sport)",30,40,65,85,75,40,15,15,55,95,75,35
buoux,Buoux,France,International,43.83,5.38,Sport,Sport,Limestone,Single-pitch,October | April,May | November,500 climbs,500,0,0,,0,0,0,0,0,,5.9 - 5.14a,Marseille or Avignon,Buoux,,research,"Historic Provençal sport climbing cliff that helped define European sport climbing in the 1980s, with steep pocketed limestone.",,"No Man's Land (5.12c, sport) | Pilier des Fourmis (5.10c, sport) | Rose des Sables (5.11a, sport) | Bout du Monde routes (5.10-5.12, sport) | Le Styx sector (5.11-5.13, sport)",30,40,65,85,75,40,15,15,55,95,75,35
tarn,Gorges du Tarn,France,International,44.21,3.26,Sport,Trad | Sport,Limestone,Single + Multi,May | September,June | October,900 climbs,700,200,0,,0,0,0,0,0,,5.7 - 5.13a,Montpellier or Clermont-Ferrand,Gorges du Tarn,,research,Spectacular gorge climbing in southern France with extensive sport crags and multi-pitch routes on dramatic limestone canyon walls.,,"Cantobre crags (5.10-5.12, sport) | Liaucous sector (5.9-5.12, sport) | Gorge multi-pitch routes (5.8-5.11, trad) | Mostuéjouls walls (5.10-5.12, sport) | Peyreleau area routes (5.9-5.11, sport)",15,25,50,75,90,80,55,50,85,80,40,15
cadarese,Cadarese,Italy,International,46.27,8.28,Sport,Trad | Sport,Gneiss,Single + Multi,June | May,September | July,500 climbs,300,200,0,,0,0,0,0,0,,5.8 - 5.13a,Milan Malpensa,Cadarese,,research,Excellent Italian gneiss climbing in the Val d'Ossola with superb crack systems and bolted multi-pitch routes.,,"Gneiss multi-pitch lines (5.9-5.11, trad) | Cadarese main wall (5.10-5.12, sport) | Crack systems (5.9-5.11, trad) | Valley floor crags (5.8-5.11, sport) | Slab routes (5.9-5.11, sport)",5,10,30,60,85,90,80,75,85,55,20,5
ogliastra,Ogliastra / Sardinia,Italy,International,39.91,9.68,Sport,Trad | Sport,Limestone,Single + Multi,October | April,May | November,"1,700 climbs",1500,200,0,,0,0,0,0,0,,5.7 - 5.13a,Cagliari or Olbia,Ogliastra / Sardinia,,research,"Sardinian limestone climbing paradise with stunning sea-cliff routes, dramatic pinnacles, and endless Mediterranean sunshine.",,"Pedra Longa routes (5.9-5.11, sport) | Aguglia di Goloritzé (5.10a, trad) | Ulassai crags (5.10-5.12, sport) | Jerzu sector (5.10-5.12, sport) | Baunei sea cliffs (5.9-5.11, sport)",30,40,65,85,75,40,15,15,55,95,75,35
val-di-mello,Val di Mello,Italy,International,46.28,9.63,Trad,Trad | Sport,Granite,Single + Multi,July | August,June | September,500 climbs,200,300,0,,0,0,0,0,0,,5.6 - 5.12b,Milan Malpensa or Bergamo,Val di Mello,,research,Italy's Yosemite — a spectacular alpine granite valley in Lombardy with world-class multi-pitch trad climbing on pristine slabs and cracks.,,"Kundalini (5.10a, trad) | Luna Nascente (5.10c, trad) | Oceano Irrazionale (5.10d, trad) | Il Risveglio di Kundalini (5.11a, trad) | Precipizio degli Asteroidi routes (5.9-5.11, trad)",1,2,5,12,35,85,100,90,55,12,3,1
meteora,Meteora,Greece,International,39.72,21.63,Sport,Trad | Sport,Sandstone (Conglomerate),Single + Multi,October | April,May | November,700 climbs,500,200,0,,0,0,0,0,0,,5.7 - 5.13a,Thessaloniki,Meteora,,research,Magical climbing on towering sandstone pillars topped by Byzantine monasteries in central Greece — one of the world's most dramatic climbing settings.,,"Grand Meteora pillar routes (5.9-5.11, trad) | Holy Trinity tower routes (5.10-5.12, sport) | Pixari Buttress (5.9, trad) | Spindle towers (5.10-5.11, sport) | Monaxi area routes (5.9-5.11, sport)",30,40,65,85,75,40,15,15,55,95,75,35
athens-crags,Athens Climbing Area,Greece,International,37.97,23.86,Sport,Sport,Limestone,Single-pitch,October | April,May | November,500 climbs,500,0,0,,0,0,0,0,0,,5.8 - 5.13a,Athens International,Athens Climbing Area,,research,"Accessible limestone sport climbing on the crags surrounding Athens, offering quick sessions on well-bolted routes near the capital.",,"Vravrona crags (5.10-5.12, sport) | Pendeli walls (5.9-5.11, sport) | Peania sector (5.10-5.12, sport) | Hymettus routes (5.9-5.11, sport)",30,40,65,85,75,40,15,15,55,95,75,35
lagada,Lagada,Greece,International,37.05,22.5,Sport,Sport,Limestone,Single-pitch,October | April,May | November,200 climbs,200,0,0,,0,0,0,0,0,,5.9 - 5.13a,Athens or Kalamata,Lagada,,research,Emerging Peloponnese sport climbing area with quality limestone and an expanding number of well-bolted routes.,,"Lagada main wall (5.10-5.12, sport) | Sector Gourna (5.10-5.12, sport) | Lagada cave routes (5.11-5.13, sport)",30,40,65,85,75,40,15,15,55,95,75,35
bohuslan,Bohuslän,Sweden,International,58.35,11.28,Trad,Trad | Sport,Granite,Single + Multi,July | June,August | May,"1,200 climbs",400,800,0,,0,0,0,0,0,,5.5 - 5.13a,Gothenburg,Bohuslän,,research,"Sweden's premier climbing region with superb coastal granite slabs and cracks along the Bohuslän archipelago, best in long summer days.",,"Gårdshammar routes (5.9-5.11, trad) | Hällö island routes (5.8-5.10, trad) | Smögen crags (5.10-5.12, sport) | Lysekil area routes (5.9-5.11, trad) | Hamburgsund sector (5.8-5.11, trad)",1,1,5,20,55,90,100,80,35,8,2,1
skien,Skien,Norway,International,59.21,9.61,Sport,Trad | Sport,Gneiss / Granite,Single-pitch,July | June,August | May,300 climbs,200,100,0,,0,0,0,0,0,,5.7 - 5.12b,Oslo (Torp Sandefjord),Skien,,research,Norwegian climbing area in Telemark with a mix of sport and trad climbing on gneiss and granite crags.,,"Skien-area sport crags (5.10-5.12, sport) | Telemark granite routes (5.8-5.11, trad) | Local trad lines (5.8-5.10, trad)",1,1,5,20,55,90,100,80,35,8,2,1
vingsand,Vingsand,Norway,International,58.3,6.5,Trad,Trad | Sport,Gneiss,Single-pitch,July | June,August | May,150 climbs,50,100,0,,0,0,0,0,0,,5.7 - 5.11d,Stavanger,Vingsand,,research,Norwegian coastal climbing near Stavanger with sea-cliff routes on high-quality gneiss.,,"Vingsand sea cliff routes (5.9-5.11, trad) | Coastal gneiss cracks (5.8-5.10, trad) | Sport sector (5.9-5.11, sport)",1,1,5,20,55,90,100,80,35,8,2,1
aland,Åland,Finland,International,60.19,19.93,Bouldering,Trad,Granite,Single-pitch,July | June,August | May,150 climbs,0,50,100,,0,0,0,0,0,,5.6 - 5.11a,Mariehamn (or Stockholm/Turku by ferry),Åland,,research,Emerging Baltic climbing destination on the Åland Islands with granite bouldering and coastal slab climbing between Finland and Sweden.,,"Åland granite boulders (V0-V6, boulder) | Coastal slab routes (5.7-5.10, trad)",1,1,5,20,55,90,100,80,35,8,2,1
peak-district,Peak District,United Kingdom,International,53.3,-1.75,Trad,Trad | Sport,Gritstone / Limestone,Single-pitch,May | June,July | April,"8,500 climbs",500,5000,3000,,0,0,0,0,0,,5.4 - 5.14a,Manchester or East Midlands,Peak District,,research,Britain's most famous climbing area with legendary gritstone edges and limestone dales offering world-class traditional climbing and bouldering.,,"Flying Buttress Direct (5.7, trad) | Right Unconquerable (5.10a, trad) | Elder Crack (5.10b, trad) | Stanage classics (5.5-5.11, trad) | The Roaches routes (5.7-5.11, trad)",5,10,25,60,90,85,70,60,55,30,10,5
osp,Osp,Slovenia,International,45.58,13.85,Sport,Sport,Limestone,Single-pitch,October | April,May | November,600 climbs,600,0,0,,0,0,0,0,0,,5.9 - 5.14a,Trieste or Ljubljana,Osp,,research,"Premier Slovenian sport climbing with steep limestone walls above the Adriatic coast, featuring excellent pocket and tufa climbing.",,"Misja Pec routes (5.10-5.13, sport) | Osp main wall (5.10-5.12, sport) | Mišja Peč cave (5.12-5.14, sport) | Črni Kal sector (5.10-5.12, sport) | Kompanj sector (5.10-5.12, sport)",30,40,65,85,75,40,15,15,55,95,75,35
omis,Omiš,Croatia,International,43.44,16.69,Sport,Trad | Sport,Limestone,Single + Multi,October | April,May | November,550 climbs,500,50,0,,0,0,0,0,0,,5.8 - 5.13a,Split,Omiš,,research,Croatian coastal sport climbing in a dramatic river gorge near Split with well-bolted limestone routes and Mediterranean climate.,,"Omiš main cliff (5.10-5.12, sport) | Cetina Canyon routes (5.9-5.11, sport) | Vrata sector (5.10-5.12, sport) | Multi-pitch tower routes (5.9-5.11, sport)",30,40,65,85,75,40,15,15,55,95,75,35
magic-wood,Magic Wood,Switzerland,International,46.55,9.3,Bouldering,Sport,Gneiss,Single-pitch,June | July,August | September,"3,000 climbs",0,0,3000,,0,0,0,0,0,,V0 - V16,Zurich,Magic Wood,,research,Switzerland's world-famous gneiss bouldering forest in Graubünden with thousands of problems on perfect river-polished rock.,,"Remembrance of Things Past (V8, boulder) | Deliverance (V11, boulder) | The Wizard (V7, boulder) | New Baseline (V8, boulder) | Mystic Stylez (V3, boulder)",1,3,10,35,70,90,85,80,75,45,10,2
geyikbayiri,Geyikbayırı,Türkiye,International,37.12,30.48,Sport,Trad | Sport,Limestone,Single + Multi,October | April,May | November,"1,100 climbs",1000,100,0,,0,0,0,0,0,,5.7 - 5.13a,Antalya,Geyikbayırı,,research,Turkey's premier sport climbing area near Antalya with extensive limestone crags in a rural mountain setting.,,"Trebenna sector (5.10-5.12, sport) | Sarkit Cave routes (5.11-5.13, sport) | Olympos sector (5.9-5.11, sport) | Main Wall routes (5.10-5.12, sport) | Citdibi area (5.9-5.11, sport)",30,40,65,85,75,40,15,15,55,95,75,35
aladaglar,Aladağlar,Türkiye,International,37.75,35.2,Trad,Trad | Sport,Limestone,Multi-pitch,July | June,August | May,300 climbs,100,200,0,,0,0,0,0,0,,5.7 - 5.12a,Kayseri,Aladağlar,,research,Turkey's main alpine rock climbing destination in the Taurus Mountains with big multi-pitch routes on dramatic limestone peaks.,,"Demirkazik routes (5.9-5.11, trad) | Emler Valley walls (5.8-5.11, trad) | Cimbar Gorge routes (5.9-5.11, sport) | Narpuz Valley towers (5.9-5.12, trad)",1,5,15,40,70,85,90,85,70,35,10,2
linville-gorge,Linville Gorge,North Carolina,North Carolina,35.93,-81.92,Trad,Trad | Sport,Quartzite,Single + Multi,October | November,April | May,450 climbs,50,400,0,,0,0,0,0,0,,5.5 - 5.12a,Charlotte or Asheville,Linville Gorge,,research,Wild and rugged Appalachian gorge climbing on quartzite with adventurous trad routes requiring long approaches in a wilderness setting.,,"The Amphitheater routes (5.8-5.11, trad) | Table Rock trails and routes (5.7-5.10, trad) | Shortoff Mountain routes (5.8-5.11, trad) | North Carolina Wall (5.9-5.11, trad) | The Daddy (5.9, trad)",10,20,50,75,55,20,10,10,45,90,85,20
shawangunks,Shawangunks (Gunks),New York,New York,41.74,-74.19,Trad,Trad | Sport,Conglomerate / Quartzite,Single + Multi,October | May,April | September,"1,550 climbs",50,1500,0,,0,0,0,0,0,,5.2 - 5.13d,Stewart/Newburgh or JFK/Newark,Shawangunks (Gunks),,research,Legendary East Coast trad climbing destination with horizontal roof systems and clean quartz conglomerate cliffs above the Hudson Valley.,,"High Exposure (5.6, trad) | Shockley's Ceiling (5.6, trad) | Bonnie's Roof (5.9, trad) | Madame Grunnebaum's Wulst (5.6, trad) | Arrow (5.8, trad)",5,10,40,80,85,50,25,30,70,95,55,10
stone-mountain-nc,Stone Mountain (NC),North Carolina,North Carolina,36.39,-81.05,Trad,Trad | Sport,Granite,Single + Multi,October | November,April | May,250 climbs,50,200,0,,0,0,0,0,0,,5.4 - 5.12a,Charlotte or Greensboro,Stone Mountain (NC),,research,Classic southeastern granite dome climbing with long friction slab routes and iconic features in the Blue Ridge foothills.,,"Great Arch (5.4, trad) | Fantastic route (5.9, trad) | Block Party (5.10a, trad) | No Alternative (5.10a, trad) | Mercury's Lead (5.11a, trad)",10,20,50,75,55,20,10,10,45,90,85,20
whitesides,Whitesides Mountain,North Carolina,North Carolina,35.08,-83.15,Trad,Trad,Granite / Gneiss,Multi-pitch,October | November,April | May,50 climbs,0,50,0,,0,0,0,0,0,,5.7 - 5.12a,Asheville or Greenville-Spartanburg,Whitesides Mountain,,research,Massive exposed granite cliff in the Cashiers-Highlands area with serious multi-pitch trad routes on one of the tallest exposed faces in the eastern US.,,"South Face routes (5.8-5.11, trad) | The Nose (5.10, trad) | Grand Central (5.9, trad) | Whitesides Chimney (5.7, trad)",10,20,50,75,55,20,10,10,45,90,85,20
laurel-knob,Laurel Knob,North Carolina,North Carolina,35.07,-83.1,Trad,Trad,Granite / Gneiss,Multi-pitch,October | November,April | May,30 climbs,0,30,0,,0,0,0,0,0,,5.8 - 5.12a,Asheville or Greenville-Spartanburg,Laurel Knob,,research,Enormous granite face in the WNC highlands — one of the largest cliffs in the eastern US with serious and committing multi-pitch trad routes.,,"The Nose (5.10, trad) | Central Face routes (5.9-5.11, trad) | Main Wall routes (5.9-5.11, trad)",10,20,50,75,55,20,10,10,45,90,85,20
panthertown-valley,Panthertown Valley,North Carolina,North Carolina,35.14,-83.02,Bouldering,Trad,Granite,Single + Multi,October | November,April | May,300 climbs,0,100,200,,0,0,0,0,0,,5.5 - 5.11d,Asheville,Panthertown Valley,,research,"Beautiful granite domes and bouldering in a protected wilderness valley in western North Carolina, sometimes called the Yosemite of the East.",,"Warden's Wall routes (5.8-5.10, trad) | Granite domes (5.6-5.10, trad) | Panthertown boulders (V0-V8, boulder) | Schoolhouse Rock (5.9, trad)",10,20,50,75,55,20,10,10,45,90,85,20
index-wa,Index,Washington,Washington,47.82,-121.57,Trad,Trad | Sport,Granite,Single + Multi,July | August,June | September,500 climbs,100,400,0,,0,0,0,0,0,,5.5 - 5.13a,Seattle-Tacoma (SEA),Index,,research,"Pacific Northwest granite trad climbing hub with excellent crack and face routes on the Town Wall and Lower Town Wall, a short drive from Seattle.",,"City Park (5.9, trad) | Godzilla (5.9, trad) | Town Crier (5.10a, trad) | Thin Fingers (5.11c, trad) | Japanese Gardens (5.10d, trad)",5,10,20,40,65,85,100,95,75,40,15,5
joes-valley,Joe's Valley,Utah,Utah,39.3,-111.17,Bouldering,Sport,Sandstone,Single-pitch,November | March,April | October,"1,500 climbs",0,0,1500,,0,0,0,0,0,,V0 - V14,Salt Lake City,Joe's Valley,,research,"World-class desert sandstone bouldering in central Utah with incredible friction, crimps, and roof problems.",,"Warm Up Boulder (V0-V4, boulder) | Supervillain (V5, boulder) | Left Fork boulders (V0-V8, boulder) | New Joe's boulders (V2-V10, boulder) | Black Lung (V7, boulder)",40,55,90,70,20,3,1,1,10,70,95,50
moab,Moab / Castle Valley,Utah,Utah,38.57,-109.55,Trad,Trad | Sport,Sandstone (Wingate/Entrada),Single + Multi,November | March,April | October,700 climbs,200,500,0,,0,0,0,0,0,,5.6 - 5.12d,Moab (CNY) or Grand Junction,Moab / Castle Valley,,research,"Iconic desert tower climbing and cragging near Moab with freestanding sandstone spires, bolted sport crags, and classic crack routes.",,"Castleton Tower North Chimney (5.9, trad) | Sister Superior Jah Man (5.10, trad) | Wall Street sport routes (5.10-5.12, sport) | Ice Cream Parlor routes (5.9-5.12, sport) | Long Canyon towers (5.9-5.11, trad)",40,55,90,70,20,3,1,1,10,70,95,50
suicide-rock,Suicide Rock,California,California,33.78,-116.7,Trad,Trad | Sport,Granite,Single + Multi,May | October,April | September,250 climbs,50,200,0,,0,0,0,0,0,,5.4 - 5.12a,Palm Springs or Ontario,Suicide Rock,,research,"Classic southern California granite trad climbing near Idyllwild with quality cracks, faces, and slabs above the San Jacinto Valley.",,"Surprise (5.9, trad) | The Vampire (5.11a, trad) | Insomnia Crack (5.10b, trad) | Sunshine Face (5.9, trad) | Paisano Overhang (5.10b, trad)",20,30,55,80,85,60,30,35,65,85,55,25
shelf-road,Shelf Road,Colorado,Colorado,38.59,-105.22,Sport,Sport,Limestone,Single-pitch,October | April,May | September,600 climbs,600,0,0,,0,0,0,0,0,,5.8 - 5.13a,Colorado Springs or Denver,Shelf Road,,research,Premier Colorado limestone sport climbing near Cañon City with hundreds of well-bolted routes on pocket-rich rock.,,"The Bank routes (5.10-5.12, sport) | Cactus Cliff routes (5.10-5.12, sport) | The Gym routes (5.10-5.13, sport) | Sand Gulch sector (5.9-5.11, sport) | Dark Side routes (5.10-5.12, sport)",15,25,55,80,80,50,25,30,65,90,60,20
the-hulk-sierra,The Incredible Hulk,California,California,38.12188,-119.41522,Trad,Trad,Granite,Multi-pitch,August | September,July | June,22 climbs,0,22,0,,0,0,0,0,0,,5.10- to 5.13d,Reno-Tahoe,The Incredible Hulk,https://www.mountainproject.com/area/105852180/incredible-hulk,Mountain Project,A remote High Sierra granite wall above Little Slide Canyon with long alpine routes ranging from classic crack systems to modern mixed-protection lines.,,"Red Dihedral (Yggdrasil) (5.10, alpine trad) | Positive Vibrations (5.11a, alpine trad) | Sunspot Dihedral (5.11b, alpine trad) | The Venturi Effect (5.12c, mixed protection) | Airstream (5.13a/b, mixed protection)",1,1,2,5,15,45,80,100,90,40,5,1
lander,Lander,Wyoming,Wyoming,42.83,-108.73,Sport,Trad | Sport,Limestone / Dolomite,Single-pitch,June | May,September | August,500 climbs,400,100,0,,0,0,0,0,0,,5.7 - 5.13a,Riverton or Casper,Lander,,research,"Wyoming climbing hub encompassing Fossil Hill, Baldwin Creek, and surrounding areas with diverse sport and trad climbing on varied rock.",,"Fossil Hill routes (5.9-5.11, sport) | Baldwin Creek routes (5.10-5.12, sport) | Fairfield Hill classics (5.9-5.11, sport) | Wolf Point trad lines (5.8-5.10, trad) | Sinks area routes (5.9-5.12, sport)",5,10,30,60,80,85,70,75,80,55,20,5
washington-pass,Washington Pass,Washington,Washington,48.52,-120.66,Trad,Trad,Granite / Gneiss,Multi-pitch,August | September,July | June,300 climbs,0,300,0,,0,0,0,0,0,,5.5 - 5.12a,Seattle-Tacoma (SEA),Washington Pass,,research,Premier Cascades alpine rock climbing with superb multi-pitch routes on dramatic granite spires along the North Cascades Highway.,,"Liberty Bell SW Face (5.6, trad) | South Early Winter Spire Direct (5.9, trad) | Concord Tower routes (5.8-5.10, trad) | Liberty Crack (5.10d, trad) | Burgundy Spire routes (5.8-5.10, trad)",1,1,2,5,15,45,80,100,90,40,5,1
grand-tetons,Grand Tetons,Wyoming,Wyoming,43.74,-110.8,Trad,Trad,Granite / Gneiss,Multi-pitch,August | September,July | June,300 climbs,0,300,0,,0,0,0,0,0,,5.4 - 5.12a,Jackson Hole,Grand Tetons,,research,Iconic Wyoming alpine climbing with legendary routes on the Grand Teton and surrounding peaks in one of America's most spectacular mountain settings.,,"Exum Ridge (5.5, trad) | Owen-Spalding Route (5.4, trad) | CMC Route (5.5, trad) | Direct South Buttress (5.10a, trad) | Irene's Arete (5.8, trad)",1,1,2,5,15,45,80,100,90,40,5,1
high-sierra-whitney,High Sierra / Whitney Area,California,California,36.58,-118.29,Trad,Trad,Granite,Multi-pitch,August | September,July | June,200 climbs,0,200,0,,0,0,0,0,0,,5.4 - 5.12a,Mammoth Yosemite or Bakersfield,High Sierra / Whitney Area,,research,High-altitude Sierra granite climbing around the highest peak in the Lower 48 with classic alpine routes and stunning granite features.,,"East Face of Mt Whitney (5.7, trad) | East Buttress of Mt Whitney (5.7, trad) | Keeler Needle routes (5.9-5.10, trad) | Lone Pine Peak routes (5.9-5.10, trad) | Mt Russell routes (5.8-5.10, trad)",1,1,2,5,15,45,80,100,90,40,5,1
sequoia-np,Sequoia National Park,California,California,36.56,-118.77,Trad,Trad,Granite,Multi-pitch,August | September,July | June,150 climbs,0,150,0,,0,0,0,0,0,,5.5 - 5.12a,Fresno-Yosemite or Bakersfield,Sequoia National Park,,research,Remote Sierra granite climbing with spectacular domes and walls including the famous Charlotte Dome and Angel Wings in a wilderness backcountry setting.,,"Charlotte Dome South Face (5.8, trad) | Angel Wings (5.10a, trad) | The Obelisk (5.10b, trad) | Tehipite Dome routes (5.9-5.11, trad) | Moro Rock routes (5.6-5.8, trad)",1,1,2,5,15,45,80,100,90,40,5,1
quetzaltenango,Quetzaltenango (Xela),Guatemala,International,14.83,-91.52,Sport,Trad | Sport,Volcanic / Limestone,Single-pitch,January | February,December | March,130 climbs,100,30,0,,0,0,0,0,0,,5.7 - 5.12a,Guatemala City (La Aurora),Quetzaltenango (Xela),,research,Emerging Guatemalan climbing area in the western highlands with sport routes on volcanic and limestone near the country's second-largest city.,,"Xela-area sport routes (5.10-5.12, sport) | Highland crags (5.9-5.11, sport) | Volcanic rock routes (5.8-5.10, sport)",90,85,70,35,15,5,5,5,10,25,60,80
cerro-quemado,Cerro Quemado,Guatemala,International,14.8,-91.5,Sport,Sport,Volcanic (Rhyolite),Single-pitch,January | February,December | March,130 climbs,80,0,50,,0,0,0,0,0,,5.8 - 5.12a,Guatemala City (La Aurora),Cerro Quemado,,research,Volcanic rock climbing near Quetzaltenango on rhyolite formations with sport routes and bouldering at high elevation.,,"Main wall routes (5.10-5.12, sport) | Rhyolite slab routes (5.9-5.11, sport) | Bouldering area (V0-V6, boulder)",90,85,70,35,15,5,5,5,10,25,60,80
itatim,Itatim,Brazil,International,-12.73,-39.7,Trad,Trad | Sport,Granite,Single + Multi,June | July,May | August,250 climbs,100,150,0,,0,0,0,0,0,,5.6 - 5.12b,Salvador (SSA),Itatim,,research,Brazilian granite climbing destination in Bahia with trad and sport routes on dramatic inselbergs rising from the semi-arid landscape.,,"Morro do Chapéu routes (5.9-5.11, trad) | Itatim main wall routes (5.10-5.12, sport) | Granite crack lines (5.8-5.11, trad)",30,25,45,65,80,85,85,80,65,50,35,30
el-chonta,El Chonta,Peru,International,-13.58,-71.87,Sport,Sport,Limestone,Single-pitch,June | July,August | May,200 climbs,200,0,0,,0,0,0,0,0,,5.8 - 5.13a,Cusco (Alejandro Velasco Astete),El Chonta,,research,Growing Peruvian sport climbing area near Cusco with quality limestone routes at high altitude in the Sacred Valley region.,,"El Chonta main wall (5.10-5.12, sport) | Sector Central routes (5.10-5.12, sport) | Upper wall routes (5.11-5.13, sport)",10,10,25,55,80,90,90,85,70,50,25,12
yangshuo,Yangshuo,China,International,24.77,110.49,Sport,Trad | Sport,Limestone (Karst),Single + Multi,October | November,April | March,"1,300 climbs",1200,100,0,,0,0,0,0,0,,5.7 - 5.14a,Guilin Liangjiang,Yangshuo,,research,China's most famous sport climbing destination set among dramatic karst towers along the Li River with extensive steep limestone climbing.,,"Moon Hill arch routes (5.10-5.12, sport) | White Mountain sector (5.10-5.12, sport) | Swiss Cheese Wall (5.11-5.13, sport) | Banyan Tree Wall (5.10-5.12, sport) | Baby Frog Buttress (5.9-5.11, sport)",20,25,60,70,45,15,10,10,50,95,90,30
palchan,Palchan,India,International,32.3,77.15,Bouldering,Sport,Granite / Gneiss,Single-pitch,November | March,February | December,90 climbs,40,0,50,,0,0,0,0,0,,5.7 - 5.11d,Bhuntar (Kullu) or Chandigarh,Palchan,,research,Himalayan climbing area near Manali with developing sport and bouldering on granite and gneiss in the Kullu Valley.,,"Palchan boulders (V0-V6, boulder) | Roadside sport routes (5.9-5.11, sport) | Gneiss slab routes (5.8-5.10, sport)",55,65,75,60,25,5,3,3,8,50,90,65
aleo,Aleo,India,International,31.87,77.1,Sport,Sport,Quartzite / Gneiss,Single-pitch,November | March,February | December,60 climbs,60,0,0,,0,0,0,0,0,,5.8 - 5.12a,Bhuntar (Kullu) or Chandigarh,Aleo,,research,Sport climbing area near Kullu in Himachal Pradesh with developing routes on quartzite and gneiss crags.,,"Aleo main crag routes (5.10-5.12, sport) | Quartzite face routes (5.9-5.11, sport)",55,65,75,60,25,5,3,3,8,50,90,65
chichoga-road,Chichoga Road,India,International,32.24,77.19,Bouldering,Sport,Granite / Gneiss,Single-pitch,November | March,February | December,130 climbs,30,0,100,,0,0,0,0,0,,5.8 - 5.11d,Bhuntar (Kullu) or Chandigarh,Chichoga Road,,research,Developing bouldering and sport climbing area near Manali along the road to Solang with roadside granite boulders and small crags.,,"Roadside boulders (V0-V8, boulder) | Granite sport routes (5.9-5.11, sport)",55,65,75,60,25,5,3,3,8,50,90,65
solang-valley,Solang Valley,India,International,32.32,77.16,Bouldering,Sport,Granite / Gneiss,Single-pitch,November | March,February | December,130 climbs,50,0,80,,0,0,0,0,0,,5.7 - 5.11d,Bhuntar (Kullu) or Chandigarh,Solang Valley,,research,Himalayan climbing area in the Solang Valley near Manali with developing sport climbing and bouldering in an alpine setting.,,"Solang bouldering area (V0-V6, boulder) | Valley wall sport routes (5.9-5.11, sport) | Alpine approach crags (5.8-5.10, sport)",55,65,75,60,25,5,3,3,8,50,90,65
mizugaki,Mizugaki,Japan,International,35.87,138.5,Bouldering,Trad | Sport,Granite,Single + Multi,September | June,May | October,330 climbs,30,100,200,,0,0,0,0,0,,5.6 - 5.12a,Tokyo (Narita or Haneda),Mizugaki,,research,"Japanese mountain granite climbing near Ogawayama with excellent crack climbing, bouldering, and beautiful alpine scenery.",,"Mizugaki crack lines (5.9-5.11, trad) | Granite boulders (V0-V8, boulder) | Mountain wall routes (5.8-5.10, trad) | Slab routes (5.7-5.10, sport)",1,5,15,45,75,80,55,60,85,70,25,3
rocklands,Rocklands,South Africa,International,-32.08,19.12,Bouldering,Sport,Sandstone,Single-pitch,June | May,July | August,"4,000 climbs",0,0,4000,,0,0,0,0,0,,V0 - V15,Cape Town,Rocklands,,research,South Africa's world-class sandstone bouldering in the Cederberg with thousands of problems on orange rock in a stunning wilderness setting.,,"Rhino (V5, boulder) | Black Shadow (V6, boulder) | Golden Gate area (V0-V8, boulder) | Roadside boulders (V0-V6, boulder) | Krakadouw area (V2-V10, boulder)",15,20,50,75,90,95,90,80,70,55,30,15
djebel-zaghouan,Djebel Zaghouan,Tunisia,International,36.4,10.14,Sport,Trad | Sport,Limestone,Single + Multi,March | April,November | October,250 climbs,200,50,0,,0,0,0,0,0,,5.7 - 5.12b,Tunis-Carthage,Djebel Zaghouan,,research,Tunisian limestone climbing on the dramatic mountain near Tunis with sport and trad routes in a Mediterranean-influenced climate.,,"Zaghouan main wall routes (5.10-5.12, sport) | Ridge routes (5.8-5.10, trad) | Sector Sud routes (5.9-5.11, sport)",40,55,90,80,45,10,2,2,20,60,75,45
djebel-ressas,Djebel Ressas,Tunisia,International,36.65,10.33,Sport,Trad | Sport,Limestone,Single + Multi,March | April,November | October,200 climbs,150,50,0,,0,0,0,0,0,,5.7 - 5.12a,Tunis-Carthage,Djebel Ressas,,research,Prominent limestone peak near Tunis with developing sport climbing and classic multi-pitch routes visible from the capital.,,"Ressas main face routes (5.9-5.11, sport) | South wall routes (5.10-5.12, sport) | Multi-pitch lines (5.8-5.10, trad)",40,55,90,80,45,10,2,2,20,60,75,45
grampians,Grampians,Australia,International,-37.25,142.45,Bouldering,Trad | Sport,Sandstone,Single + Multi,March | November,April | October,"3,800 climbs",300,1500,2000,,0,0,0,0,0,,5.5 - 5.13a,Melbourne,Grampians,,research,"Major Australian climbing destination in Victoria with excellent sandstone trad, sport, and world-class bouldering in a unique mountain landscape.",,"Taipan Wall routes (5.10-5.12, trad) | Hollow Mountain boulders (V0-V10, boulder) | Bundaleer classics (5.8-5.11, trad) | Redman Bluff routes (5.9-5.12, trad) | Summerday Valley routes (5.8-5.11, trad)",65,70,85,80,50,25,20,25,55,80,85,60
wanaka,Wanaka,New Zealand,International,-44.7,169.13,Sport,Trad | Sport,Schist,Single + Multi,January | February,December | November,400 climbs,300,100,0,,0,0,0,0,0,,5.7 - 5.13a,Queenstown,Wanaka,,research,Central Otago climbing hub with sport and trad routes on schist and other rock types near Lake Wanaka in the Southern Alps.,,"Wye Creek routes (5.10-5.12, sport) | Hospital Flat routes (5.9-5.11, sport) | Matukituki Valley routes (5.8-5.11, trad) | Diamond Lake crags (5.9-5.11, sport)",90,85,65,35,10,3,3,5,20,45,70,85
the-remarkables,The Remarkables,New Zealand,International,-45.05,168.81,Trad,Trad | Sport,Schist / Greywacke,Single + Multi,January | February,December | November,150 climbs,50,100,0,,0,0,0,0,0,,5.6 - 5.12a,Queenstown,The Remarkables,,research,Alpine rock climbing near Queenstown on the dramatic Remarkables mountain range with trad routes in a stunning Southern Alps setting.,,"Single Cone routes (5.8-5.10, trad) | Lake Alta cirque routes (5.7-5.10, trad) | Shadow Basin routes (5.8-5.11, trad)",90,85,65,35,10,3,3,5,20,45,70,85
castle-hill,Castle Hill,New Zealand,International,-43.22,171.72,Bouldering,Sport,Limestone,Single-pitch,January | February,December | November,"2,000 climbs",0,0,2000,,0,0,0,0,0,,V0 - V13,Christchurch,Castle Hill,,research,New Zealand's premier bouldering destination with thousands of limestone problems scattered across open high-country tussock near Arthur's Pass.,,"Quantum Field area (V2-V8, boulder) | Spittle Hill boulders (V0-V6, boulder) | Flock Hill boulders (V1-V8, boulder) | Dry Valley boulders (V2-V10, boulder) | Kura Tawhiti classics (V0-V5, boulder)",90,85,65,35,10,3,3,5,20,45,70,85
adirondacks,Adirondacks,New York,New York,43.9375,-74.3775,Trad,Trad,Granite / Gneiss,Single + Multi,July | September,August | June,"2,655 climbs",352,1524,516,,316,22,365,8,129,,5.4 - 5.13,Albany or Burlington,Adirondacks,https://www.mountainproject.com/area/105910378/adirondacks,core,Massive 6-million-acre wilderness park — the largest state park in the lower 48 — offering rugged traditional climbing across 250+ crags from accessible multi-pitch slabs to remote backcountry walls.,,"Chapel Pond Slab routes (5.5-5.8, trad) | Poke-O-Moonshine (5.6-5.10, trad) | Wallface backcountry routes (5.8-5.11, trad) | Gothics multi-pitch (5.7-5.9, trad)",3,3,5,15,50,75,100,90,85,50,10,3
sedona,Sedona,Arizona,Arizona,34.8661,-111.7637,Trad,Trad,Sandstone,Single + Multi,November | March,April | February,317 climbs,67,252,1,,4,0,0,9,0,,5.6 - 5.13+,Flagstaff or Phoenix,Sedona,https://www.mountainproject.com/area/107439475/sedona,core,"High desert spire climbing on soft sandstone formations featuring multi-pitch adventures on iconic towers like Cathedral Rock, Christianity, and Earth Angel alongside single-pitch trad and sport crags.",,"Cathedral Rock spire (5.9, trad) | Christianity spire (5.8, trad) | Earth Angel (5.10, trad) | Midgley Bridge area routes (5.7-5.10, trad)",50,60,80,65,35,10,5,5,15,55,100,60
elephants-perch,The Elephant's Perch,Idaho,Idaho,44.06857,-114.97445,Trad,Trad,Granite,Multi-pitch,July | August,June | September,27 climbs,0,22,5,,1,0,0,2,0,,5.9 - 5.13c,Sun Valley (Hailey) or Boise,The Elephant's Perch,https://www.mountainproject.com/area/105905689/the-elephants-perch,core,"A spectacular golden granite wall rising 1,000 feet in Idaho's Sawtooth Range, reached by a 5-mile boat ride across Redfish Lake and a steep 3-mile hike. No permanent anchors — pure adventure climbing on vertical fractures.",,"Mountaineer's Route (5.9, trad) | Direct Beckey (5.11b, trad) | Astro Elephant (5.10c, trad) | Sunrise Book (5.10b, trad)",1,1,1,3,10,50,100,90,45,10,2,1
the-fins,The Fins,Idaho,Idaho,43.73145,-113.08444,Sport,Sport,Limestone,Single-pitch,July | August,June | September,236 climbs,232,1,3,,0,0,0,0,0,,5.6 - 5.13+,Idaho Falls or Sun Valley (Hailey),The Fins,https://www.mountainproject.com/area/108134051/the-fins,core,Vertical to slightly overhung walls of immaculate limestone with positive edges and secure pockets in central Idaho's Lost River Range. Morning sun and afternoon shade make it ideal for summer climbing.,,"Head Wall routes (5.10-5.12, sport) | Discovery Wall routes (5.9-5.11, sport) | Solstice Wall routes (5.10-5.12, sport) | Yellow Cake routes (5.10-5.11, sport)",1,1,2,5,30,70,100,90,60,20,3,1
little-river-canyon,Little River Canyon,Alabama,Alabama,34.35929,-85.66846,Sport,Sport,Sandstone,Single-pitch,November | April,October | March,299 climbs,296,3,0,,0,0,0,0,0,,5.6-5.13,Rome (RMG),Little River Canyon,https://www.mountainproject.com/area/112396116/little-river-canyon,core,Top climbing area in Alabama.,,,267,157,311,349,263,163,226,134,203,338,358,261
rockford-park,Rockford Park,Delaware,Delaware,39.76816,-75.57443,Bouldering,Trad,Gneiss,Single-pitch,May | March,November | June,53 climbs,0,0,53,,3,1,0,0,0,,V2-3-V8-9,Wilmington (ILG),Rockford Park,https://www.mountainproject.com/area/115175215/rockford-park,core,Top climbing area in Delaware.,,,16,2,28,7,32,20,7,9,6,8,27,12
oahu,Oahu,Hawaii,Hawaii,21.46285,-157.98399,Bouldering,Sport,Unknown,Single-pitch,January | November,December | April,181 climbs,62,14,93,,27,0,0,0,0,,5.6-5.13,Wahiawa (HHI),Oahu,https://www.mountainproject.com/area/106343403/oahu,core,Top climbing area in Hawaii.,,,490,321,328,425,385,361,283,331,290,253,463,452
kauai,Kauai,Hawaii,Hawaii,22.07675,-159.52288,Bouldering,Sport,Conglomerate / Limestone,Single-pitch,January | June,February | August,99 climbs,7,2,87,,3,0,0,0,0,,5.6-5.11,Lihue (LIH),Kauai,https://www.mountainproject.com/area/109264168/kauai,core,Top climbing area in Hawaii.,,,30,21,8,5,10,23,14,21,3,5,1,4
tubbs-hill,Tubbs Hill,Idaho,Idaho,47.66576,-116.77784,Bouldering,Trad,Unknown,Single-pitch,July | June,May | August,65 climbs,0,0,65,,1,0,0,0,0,,V2-3-V10-11,Coeur d'Alene (COE),Tubbs Hill,https://www.mountainproject.com/area/120643768/tubbs-hill,core,Top climbing area in Idaho.,,,39,65,301,723,947,1018,1067,939,855,607,171,47
pictured-rocks,Pictured Rocks,Iowa,Iowa,42.2085,-91.102,Sport,Sport,Unknown,Single-pitch,October | July,April | June,127 climbs,66,8,52,,8,0,0,0,0,,5.6-5.12,Dubuque IA (DBQ),Pictured Rocks,https://www.mountainproject.com/area/106086995/pictured-rocks,core,Top climbing area in Iowa.,,,23,4,201,520,474,493,579,435,465,654,237,63
backbone-state-park,Backbone State Park,Iowa,Iowa,42.614,-91.5625,Bouldering,Trad,Unknown,Single-pitch,July | May,August | June,99 climbs,0,19,71,,27,0,0,0,0,,5.6-5.12,Prairie du Chien (PCD),Backbone State Park,https://www.mountainproject.com/area/106458117/backbone-state-park,core,Top climbing area in Iowa.,,,1,1,7,11,18,12,26,17,9,3,4,1
the-lost-city-of-critzer,The Lost City of Critzer,Kansas,Kansas,38.14417,-94.95131,Bouldering,Trad,Limestone,Single-pitch,January | February,March | April,108 climbs,0,0,108,,0,0,0,0,0,,V2-3-V10-11,Chanute (CNU),The Lost City of Critzer,https://www.mountainproject.com/area/123815929/the-lost-city-of-critzer,core,Top climbing area in Kansas.,,,1,1,1,1,1,1,1,1,1,1,1,1
st-philippine-duchesne-park,St. Philippine Duchesne Park,Kansas,Kansas,38.23433,-94.94329,Bouldering,Trad,Limestone,Single-pitch,January | February,March | April,74 climbs,0,0,74,,0,0,0,0,0,,V2-3-V6-7,Olathe (JCI),St. Philippine Duchesne Park,https://www.mountainproject.com/area/114563282/st-philippine-duchesne-park,core,Top climbing area in Kansas.,,,1,1,1,1,1,1,1,1,1,1,1,1
foxtown-boulders,Foxtown Boulders,Kentucky,Kentucky,37.43014,-83.99851,Bouldering,Trad,Unknown,Single-pitch,January | February,March | April,422 climbs,0,0,422,,0,0,0,0,0,,V2-3-V10-11,London (LOZ),Foxtown Boulders,https://www.mountainproject.com/area/119938922/foxtown-boulders,core,Top climbing area in Kentucky.,,,1,1,1,1,1,1,1,1,1,1,1,1
acadia-national-park,Acadia National Park,Maine,Maine,44.33958,-68.25807,Trad,Trad,Granite,Single + Multi,August | July,September | June,423 climbs,26,197,125,,128,0,2,0,1,,5.6-5.13,Bar Harbor (BHB),Acadia National Park,https://www.mountainproject.com/area/105948980/acadia-national-park,core,Top climbing area in Maine.,,,21,88,79,298,1567,1846,2474,2754,2063,1492,312,86
harpers-ferry,Harper's Ferry,Maryland,Maryland,39.32254,-77.72636,Bouldering,Trad,Quartzite,Single + Multi,September | March,November | October,323 climbs,3,88,189,,66,0,0,3,0,,5.6-5.12,Martinsburg (MRB),Harper's Ferry,https://www.mountainproject.com/area/107573446/harpers-ferry,core,Top climbing area in Maryland.,,,79,71,184,117,125,141,110,125,187,167,182,108
northwest-branch,Northwest Branch,Maryland,Maryland,39.0303,-77.0041,Bouldering,Trad,Unknown,Single-pitch,November | October,March | June,270 climbs,0,4,266,,4,0,0,0,0,,5.6-5.12,Washington (DCA),Northwest Branch,https://www.mountainproject.com/area/107891974/northwest-branch,core,Top climbing area in Maryland.,,,176,101,268,156,200,214,145,125,145,277,324,169
north-shore,North Shore,Massachusetts,Massachusetts,42.60037,-70.88032,Bouldering,Trad,Granite,Single-pitch,May | November,June | October,"2,936 climbs",36,78,2782,,143,0,2,2,0,,5.6-5.12,Beverly (BVY),North Shore,https://www.mountainproject.com/area/118978413/north-shore,core,Top climbing area in Massachusetts.,,,511,252,978,1134,1590,1343,1108,1114,869,1329,1480,637
tishomingo,Tishomingo,Mississippi,Mississippi,34.60334,-88.17557,Bouldering,Trad,Unknown,Single-pitch,January | February,March | April,83 climbs,0,8,53,,25,0,0,2,0,,5.6-5.12,Muscle Shoals (MSL),Tishomingo,https://www.mountainproject.com/area/108324934/tishomingo,core,Top climbing area in Mississippi.,,,1,1,1,1,1,1,1,1,1,1,1,1
pawtuckaway,Pawtuckaway,New Hampshire,New Hampshire,43.08391,-71.17542,Bouldering,Trad,Granite,Single-pitch,October | November,September | April,"1,115 climbs",4,132,955,,86,0,0,2,0,,5.6-5.13,Manchester NH (MHT),Pawtuckaway,https://www.mountainproject.com/area/105929413/pawtuckaway,core,Top climbing area in New Hampshire.,,,329,254,1337,2516,1876,1681,1684,2014,3092,3711,3510,1232
albuquerque-area,Albuquerque Area,New Mexico,New Mexico,35.10548,-106.63033,Trad,Trad,Granite / Limestone,Single + Multi,August | May,September | June,983 climbs,196,383,377,,78,18,4,2,1,,5.6-5.13,Albuquerque (ABQ),Albuquerque Area,https://www.mountainproject.com/area/106299665/albuquerque-area,core,Top climbing area in New Mexico.,,,271,312,702,952,1172,1078,965,1183,1081,977,904,393
jemez-mountains-and-jemez-valley,Jemez Mountains and Jemez Valley,New Mexico,New Mexico,35.81618,-106.5825,Sport & Trad,Trad | Sport,Granite,Single-pitch,May | June,July | August,869 climbs,371,273,225,,17,0,2,0,1,,5.6-5.13,Los Alamos (LAM),Jemez Mountains and Jemez Valley,https://www.mountainproject.com/area/105847868/jemez-mountains-and-jemez-valley,core,Top climbing area in New Mexico.,,,194,270,534,904,1793,1579,1546,1413,1341,1009,890,344
lincoln-woods,Lincoln Woods,Rhode Island,Rhode Island,41.89742,-71.4339,Bouldering,Sport,Granite,Single-pitch,November | March,April | May,"1,009 climbs",1,0,1001,,8,0,0,0,0,,5.6-5.12,Smithfield (SFZ),Lincoln Woods,https://www.mountainproject.com/area/105913161/lincoln-woods,core,Top climbing area in Rhode Island.,,,1303,1150,2285,2225,2041,1372,927,909,1632,1877,2637,1657
beach-pond,Beach Pond,Rhode Island,Rhode Island,41.5738,-71.78538,Bouldering,Sport,Gneiss / Granite,Single-pitch,May | April,June | September,178 climbs,9,1,168,,11,0,0,0,0,,5.6-5.10,Washington County (WST),Beach Pond,https://www.mountainproject.com/area/106890252/beach-pond,core,Top climbing area in Rhode Island.,,,36,36,65,103,114,78,31,67,75,44,67,33
big-rock-mountain,Big Rock Mountain,South Carolina,South Carolina,34.95749,-82.79015,Sport & Trad,Trad | Sport,Granite,Single-pitch,January | November,March | December,189 climbs,52,69,68,,27,0,0,0,0,,5.6-5.12,Clemson (CEU),Big Rock Mountain,https://www.mountainproject.com/area/113573351/big-rock-mountain,core,Top climbing area in South Carolina.,,,324,142,280,195,171,84,37,50,82,200,310,254
table-rock-state-park,Table Rock State Park,South Carolina,South Carolina,35.04937,-82.70274,Trad,Trad,Unknown,Single + Multi,December | November,January | February,110 climbs,33,76,0,,1,0,0,3,0,,5.6-5.13,Greenville (GMU),Table Rock State Park,https://www.mountainproject.com/area/119449313/table-rock-state-park,core,Top climbing area in South Carolina.,,,45,17,9,15,3,1,1,3,4,7,52,63
the-needles-of-rushmore,The Needles Of Rushmore,South Dakota,South Dakota,43.88753,-103.46952,Bouldering,Trad | Sport,Granite,Single + Multi,July | August,June | September,"1,508 climbs",397,447,705,,66,0,1,1,0,,5.6-5.13,Rapid City (RAP),The Needles Of Rushmore,https://www.mountainproject.com/area/112521727/the-needles-of-rushmore,core,Top climbing area in South Dakota.,,,238,199,550,777,1722,2159,2523,2283,2134,992,571,225
spearfish-canyon,Spearfish Canyon,South Dakota,South Dakota,44.4578,-103.8589,Sport,Sport,Limestone,Single-pitch,July | September,August | June,"1,028 climbs",919,13,88,,4,0,9,0,15,,5.6-5.13,Spearfish-South Dakota (SPF),Spearfish Canyon,https://www.mountainproject.com/area/105714282/spearfish-canyon,core,Top climbing area in South Dakota.,,,168,160,313,505,2038,2130,2677,2162,2172,831,380,139
bubbs-creek-wall,Bubbs Creek Wall,California,California,36.77106,-118.47295,Trad,Trad,Granite,Multi-pitch,June | September,May | October,7 climbs,0,7,0,,0,7,0,1,0,,5.11 - 5.12+ / A3,Fresno Yosemite International Airport (FAT),Bubbs Creek Wall,https://www.mountainproject.com/area/109056973/bubbs-creek-wall,research,"A remote High Sierra granite wall above the Bubbs Creek drainage, reached by a long approach from Road's End. Its small route roster is made up of committing, full-day alpine-style trad objectives with roughly 14 to 19 pitches.","May: Late May can be pleasant once the Road's End approach is open, but lingering snow and high creek flows remain possible. Verify current road, trail, and backcountry conditions. | June: June offers long days and is often a strong window, though the sunny wall can become hot later in summer. | September: September can bring crisp climbing conditions, but shorter days and early Sierra storms make conservative timing important.","Samurai Warrior - Ronan (5.12a, trad) | The Emperor (5.12a, trad) | Ikigai (5.12a, trad) | What's Up Bubb? (5.12a/b, trad) | The Ecstasy of Gold (5.12b, trad)",1,1,2,10,70,100,60,50,95,65,10,1
patterson-left,Patterson Left,California,California,36.92802,-119.09471,Trad,Trad | Sport,Granite,Multi-pitch,May | October,November | September,17 climbs,2,15,0,,0,0,0,4,0,,5.9 - 5.12c/d,Fresno Yosemite International Airport (FAT),Patterson Left,https://www.mountainproject.com/area/114373736/patterson-left,research,"A roughly 1,000-foot, southwest-facing granite cliff at Patterson Bluff. Most routes are long trad lines, with a small number of bolted objectives; access normally starts at the top and involves rappelling into the wall.","May: The seasonal access road generally reopens around May 1; confirm current road status before the trip. | October: October is one of the most reliable windows for comfortable temperatures on the southwest-facing wall. | November: November is typically climbable before the seasonal road closure, which normally begins December 1.","La Cara Perfecta (Ten) (5.10+, sport) | The Sun Also Rises (Sunset Buttress) (5.12c, trad) | 50 lbs of Crack (5.12a/b, trad) | Eleven (5.11b/c, trad) | The Money Shot (5.12, trad)",2,2,5,15,95,35,10,10,55,100,85,2
trout-creek,Trout Creek,Oregon,Oregon,44.80052,-121.10855,Trad,Trad,Basalt,Single-pitch,October | November,September | December,115 climbs,0,115,0,,2,0,0,0,0,,5.7 - 5.13+,Redmond Municipal Airport (RDM),Trout Creek,https://www.mountainproject.com/area/106505473/trout-creek,research,"A premier Central Oregon crack-climbing area on tall basalt columns, known for physical corners, stem boxes, and a strong traditional ethic. The entire climbing area is closed annually from January 15 through August 31 for nesting golden eagles; always verify the current closure before visiting.","January: Only the first half of January is normally available, weather permitting; the annual full-area closure begins January 15. | February: Closed: the entire climbing area is under its annual golden-eagle protection closure from January 15 through August 31. | March: Closed: the entire climbing area is under its annual golden-eagle protection closure from January 15 through August 31. | April: Closed: the entire climbing area is under its annual golden-eagle protection closure from January 15 through August 31. | May: Closed: the entire climbing area is under its annual golden-eagle protection closure from January 15 through August 31. | June: Closed: the entire climbing area is under its annual golden-eagle protection closure from January 15 through August 31. | July: Closed: the entire climbing area is under its annual golden-eagle protection closure from January 15 through August 31. | August: Closed through August 31 under the annual golden-eagle protection closure; verify the current BLM notice before visiting. | September: The area normally reopens September 1. Check the current BLM notice before traveling, then expect a strong early-fall window. | October: October is a prime month for the west-facing wall, with cooler temperatures and more dependable crack-climbing conditions. | November: November is another prime window, though shorter days and cold spells make an early start useful. | December: December can offer good sun on the west-facing wall, but short days and cold spells make conditions less dependable.","Gold Rush (5.10-, trad) | Lively Up Yourself (5.10-, trad) | Talkin' It Clean (5.10-, trad) | JR Token (5.10, trad) | Mr. Squiggles (5.10c, trad)",10,0,0,0,0,0,0,0,80,100,90,60
the-grail,The Grail,Arizona,Arizona,36.65703,-114.00822,Sport,Sport,Limestone,Single + Multi,March | November,April | October,59 climbs,59,0,0,,0,0,0,0,0,,5.10- to 5.14a,St. George Regional Airport (SGU),The Grail,https://www.mountainproject.com/area/111372538/the-grail,research,"A mostly shady limestone wall in Lime Kiln Canyon with long, vertical-to-slightly-overhanging sport routes and a dense concentration of 5.12 climbing. Most lines are single-pitch, though a few multipitch routes and midway anchors make a 70- or 80-meter rope especially useful.","February: February can be a good shoulder-season option, but the mostly shady wall may stay cold after winter weather. | March: March is a prime spring month in Lime Kiln Canyon, with the shaded wall helping on warmer afternoons. | April: April remains a strong spring window before the Arizona Strip becomes too hot for dependable climbing. | May: May can still work on this shaded wall, but start early and expect heat to reduce the reliable climbing window. | October: A strong fall window returns in October after the summer heat; the mostly shady wall can feel cool late in the day. | November: November is a prime fall month, though the wall's shade makes warm layers useful.","Homeostasis (5.11b, sport) | Khaleesi (5.11c, sport) | The Madness (5.11d, sport) | Mesquiter (5.12a, sport) | Vesper (5.12b, sport)",25,60,100,90,55,15,5,5,30,85,95,30
leavenworth,Leavenworth,Washington,Washington,47.5967,-120.65936,Bouldering,Trad | Sport | Bouldering,Granite / Diorite,Single + Multi,June | September,May | October,"2,287 climbs",451,747,1104,0,132,5,16,8,5,listed inventory,5.4 - 5.13 / V0 - V14,Seattle-Tacoma (SEA) or Wenatchee (EAT),Leavenworth,https://www.mountainproject.com/area/120379546/leavenworth,research,Washington's principal climbing hub combines Icicle Creek granite cracks and multipitch routes with a nationally significant bouldering circuit. The catalog entry is intentionally limited to the Leavenworth hub rather than the former broad Central Cascades umbrella.,,"Sunny and Steep (V2, boulder) | The Pocket (V4-, boulder) | Canary (5.8+, trad)",10,10,10,50,80,100,45,40,95,75,10,10
little-cottonwood-canyon,Little Cottonwood Canyon,Utah,Utah,40.5727,-111.77699,Bouldering,Trad | Sport | Bouldering,Quartz Monzonite / Limestone,Single + Multi,May | September,June | October,"2,295 climbs",392,800,1087,0,61,64,29,48,18,listed inventory,5.4 - 5.14 / V0 - V14,Salt Lake City International (SLC),Little Cottonwood Canyon,https://www.mountainproject.com/area/105739277/little-cottonwood-canyon,research,"A specific Wasatch canyon with a deep quartz-monzonite and granite inventory plus limestone sectors: technical trad, long multipitch objectives, sport routes, and extensive bouldering minutes from Salt Lake City. Check watershed, parking, and seasonal access rules before a visit.",,"Twisted (V4, boulder) | Beckey's Wall (5.7, trad) | Pentapitch (5.8, trad)",10,10,10,50,100,80,45,40,95,75,10,10
devils-lake,Devil's Lake,Wisconsin,Wisconsin,43.4168,-89.73151,Bouldering,Trad | Bouldering,Quartzite,Single-pitch,September | October,May | June,"3,095 climbs",0,1110,1746,0,1141,0,0,1,0,listed inventory,5.0 - 5.13 / V0 - V12,Madison (MSN),Devil's Lake,https://www.mountainproject.com/area/105729927/devils-lake,research,"A nationally important Midwestern destination with exceptionally dense quartzite bouldering plus a huge traditional and top-rope circuit. The slick, technical rock rewards precise footwork; bolted sport climbing is not part of the local ethic.",,"Super Slab (V0, boulder) | Big Bud Arete (V2, boulder) | Queen's Throne (5.4, trad)",10,10,10,50,80,75,10,45,100,95,40,10
vedauwoo,Vedauwoo,Wyoming,Wyoming,41.18479,-105.37821,Trad,Trad | Sport | Bouldering,Granite,Single + Multi,June | September,July | August,"1,218 climbs",164,867,372,0,94,0,4,5,4,listed inventory,5.4 - 5.13 / V0 - V13,Laramie (LAR) or Denver (DEN),Vedauwoo,https://www.mountainproject.com/area/105744307/vedauwoo,research,"A singular high-plains granite destination best known for strenuous cracks, chimneys, and offwidths, with substantial bouldering among the rounded formations. Summer is the reliable season, but wind and fast-moving storms remain part of the experience.",,"Edward's Crack (5.7, trad) | Friday the 13th (5.10a/b, trad) | Captain Nemo (5.10d, trad)",10,10,10,10,50,100,80,75,95,45,10,10
horseshoe-canyon-ranch,Horseshoe Canyon Ranch,Arkansas,Arkansas,36.0118,-93.2922,Sport,Sport | Trad | Bouldering,Sandstone,Single-pitch,October | November,March | April,786 climbs,409,117,262,0,6,0,0,0,0,listed inventory,5.5 - 5.14 / V0 - V13,Northwest Arkansas (XNA),Horseshoe Canyon Ranch,https://www.mountainproject.com/area/105903004/horseshoe-canyon-ranch,research,"A dense, privately managed Ozark destination where well-protected sandstone sport climbing, traditional lines, and hundreds of boulder problems support a multi-day trip. Visitors must follow current ranch admission, camping, and access policies.",,"Green Goblin (5.8, sport) | Swamp Rat (5.8, sport) | Big Top (5.11c, sport)",10,50,80,75,45,10,10,10,40,100,95,10
obed-clear-creek,Obed & Clear Creek,Tennessee,Tennessee,36.11659,-84.7317,Sport,Sport | Trad | Bouldering,Sandstone,Single-pitch,October | November,March | April,663 climbs,389,71,210,0,3,0,0,1,0,listed inventory,5.5 - 5.14 / V0 - V13,Knoxville McGhee Tyson (TYS),Obed & Clear Creek,https://www.mountainproject.com/area/105891970/obed-clear-creek,research,"One of the Southeast's major sandstone sport destinations, combining steep roofs and technical faces with a meaningful bouldering and traditional inventory across the Obed river gorges. Check National Park Service access and river conditions.",,"Best Seat in the House (5.9, sport) | Tarantella (5.10a, sport) | Solstice (5.12a, sport)",10,50,80,75,45,10,10,10,40,100,95,10
american-fork-canyon,American Fork Canyon,Utah,Utah,40.4323,-111.751,Sport,Sport | Trad,Limestone,Single-pitch,June | September,May | October,762 climbs,692,2,66,0,17,2,3,1,1,listed inventory,5.6 - 5.14,Salt Lake City International (SLC),American Fork Canyon,https://www.mountainproject.com/area/105739274/american-fork-canyon,research,"A compact, historic Wasatch sport-climbing canyon known for steep pocketed limestone and a deep concentration of hard routes, with enough moderate climbing for broader groups. Road fees, parking pressure, and seasonal conditions should be checked before travel.",,"License to Thrill (5.11c, sport) | Out of Gas (5.9, sport) | Division (5.11d, sport)",10,10,10,50,80,100,45,40,95,75,10,10
stone-fort,Stone Fort,Tennessee,Tennessee,35.2477,-85.22077,Bouldering,Bouldering,Sandstone,Single-pitch,November | December,January | October,573 problems,0,2,572,0,0,0,0,0,0,listed inventory,V0 - V14,Chattanooga (CHA),Stone Fort,https://www.mountainproject.com/area/106031921/stone-fort,research,"A nationally known sandstone bouldering destination outside Chattanooga and a fixture of the Triple Crown circuit. The dense field offers classic problems at nearly every grade; visitors must follow the current golf-course parking, fee, and registration system.",,"The Wave (V6, boulder) | Super Mario (V4, boulder) | Genghis Khan (V5, boulder)",80,50,45,40,10,10,10,10,10,75,100,95
boulder-canyon,Boulder Canyon,Colorado,Colorado,40.00239,-105.41014,Sport & Trad,Sport | Trad,Granite,Single + Multi,May | September,June | October,"1,938 climbs",984,955,115,0,209,0,0,11,0,listed inventory,5.4 - 5.14,Denver International (DEN),Boulder Canyon,https://www.mountainproject.com/area/105744222/boulder-canyon,research,"A specific Front Range canyon with an unusually large concentration of granite sport, traditional, and multipitch routes immediately west of Boulder. Roadside convenience is balanced by traffic, limited parking, and occasional seasonal wildlife closures.",,"Bitty Buttress (5.8+, trad) | Cosmosis (5.10a, trad) | Country Club Crack (5.11c, trad)",10,10,10,50,100,80,45,40,95,75,10,10
mount-charleston,Mount Charleston,Nevada,Nevada,36.27158,-115.69547,Sport,Sport | Bouldering,Limestone,Single-pitch,June | September,July | August,620 climbs,534,7,70,0,6,0,7,0,2,listed inventory,5.7 - 5.14c / V0 - V11,Las Vegas Harry Reid International (LAS),Mount Charleston,https://www.mountainproject.com/area/105850026/mount-charleston,research,"The high-elevation summer complement to Red Rock, with steep limestone and one of the country's strongest concentrations of hard sport climbing. Flood damage has produced changing road, trail, and sector closures, so Forest Service alerts are essential before travel.",,"Hasta La Vista (5.14b/c, sport) | The Gift (5.12d, sport) | Soul Train (5.14a, sport)",10,10,10,10,50,100,80,75,95,45,10,10
seneca-rocks,Seneca Rocks,West Virginia,West Virginia,38.8338,-79.3663,Trad,Trad,Quartzite,Multi-pitch,May | October,April | September,388 climbs,41,355,1,0,23,0,0,2,0,listed inventory,5.0 - 5.13,"Washington Dulles (IAD) or Charleston, WV (CRW)",Seneca Rocks,https://www.mountainproject.com/area/105861910/seneca-rocks,research,"An iconic fin of Tuscarora quartzite offering exposed multipitch traditional climbing and one of the East's most distinctive summits. The old-school protection, route finding, and rappels make this a destination for competent trad teams rather than a casual crag day.",,"Old Man's Route (5.2, trad) | Ecstasy (5.7, trad) | Pleasant Overhangs (5.7, trad)",10,10,50,80,100,45,10,10,75,95,40,10
donner-summit,Donner Summit,California,California,39.31776,-120.32418,Trad,Trad | Sport,Granite,Single + Multi,July | September,August | June,514 climbs,178,321,0,0,73,0,1,2,0,listed inventory,5.4 - 5.13d,Reno-Tahoe International (RNO),Donner Summit,https://www.mountainproject.com/area/105733935/donner-summit,research,"A concentrated Sierra granite destination above Truckee with traditional cracks, technical faces, sport climbing, and multipitch routes across numerous roadside crags. Snowpack controls the opening date and summer parking can be constrained.",,"One Hand Clapping (5.9, trad) | Black September (5.9, trad) | Aerial (5.11a, trad)",10,10,10,10,50,75,100,80,95,45,10,10
lovers-leap,Lover's Leap,California,California,38.79949,-120.14053,Trad,Trad,Granite,Multi-pitch,July | September,June | August,210 climbs,17,168,25,0,2,0,0,1,0,listed inventory,5.4 - 5.13,Sacramento (SMF) or Reno-Tahoe (RNO),Lover's Leap,https://www.mountainproject.com/area/105733959/lovers-leap,research,"A compact and iconic Sierra multipitch trad venue where horizontal dikes cross clean granite walls. The concentration of high-quality moderate routes makes it a travel destination despite the smaller count; snow, campground status, and wildfire restrictions should be verified.",,"Corrugation Corner (5.7, trad) | Bear's Reach (5.7, trad) | Traveler Buttress (5.9, trad)",10,10,10,10,50,80,100,75,95,45,10,10
clear-creek-canyon,Clear Creek Canyon,Colorado,Colorado,39.75376,-105.24005,Sport,Sport | Trad | Bouldering,Gneiss / Schist / Granite,Single + Multi,April | October,May | September,"1,631 climbs",1010,192,442,0,53,9,0,1,0,listed inventory,5.6 - 5.14 / V grades,Denver International (DEN),Clear Creek Canyon,https://www.mountainproject.com/area/105744243/clear-creek-canyon,research,"A large, highly accessible Front Range sport-climbing canyon with year-round aspect options, substantial bouldering, and a smaller traditional inventory. Highway approaches, limited parking, creek crossings, and seasonal closures require current local information.",,"Playin' Hooky (5.8, sport) | Curvaceous (5.11b, sport) | Wet Dream (5.12a, sport)",10,10,50,100,80,45,10,10,75,95,40,10
flatirons,The Flatirons,Colorado,Colorado,39.9828,-105.289,Trad,Trad | Sport | Bouldering,Sandstone,Single + Multi,April | October,May | September,"1,483 climbs",238,802,438,0,101,0,0,9,0,listed inventory,5.0 - 5.14 / V0 - V14,Denver International (DEN),The Flatirons,https://www.mountainproject.com/area/105797700/flatirons,research,"Boulder's defining sandstone slabs and formations provide an enormous mix of easy multipitch scrambles, traditional routes, sport climbing, and bouldering. Many cliffs receive seasonal raptor closures, and some objectives demand serious route finding and descent planning.",,"East Face of the Third Flatiron (5.4, trad) | Freeway (5.0, trad) | The Maiden (5.6, trad)",10,10,50,100,80,45,10,10,75,95,40,10
big-cottonwood-canyon,Big Cottonwood Canyon,Utah,Utah,40.6193,-111.789,Sport & Trad,Trad | Sport | Bouldering,Quartzite,Single + Multi,May | September,June | October,"1,055 climbs",422,490,105,0,111,31,10,2,12,listed inventory,5.4 - 5.14 / V0 - V12,Salt Lake City International (SLC),Big Cottonwood Canyon,https://www.mountainproject.com/area/105739280/big-cottonwood-canyon,research,"A distinct Wasatch canyon centered on quartzite trad and multipitch climbing, with substantial sport and bouldering options close to Salt Lake City. Watershed rules, roadside parking, avalanche conditions, and seasonal access all deserve a current check.",,"Steort's Ridge (5.6, trad) | Outside Corner (5.7, trad) | Goodro's Wall (5.10c, trad)",10,10,10,50,100,80,45,40,95,75,10,10
rocktown,Rocktown,Georgia,Georgia,34.65909,-85.3899,Bouldering,Bouldering,Sandstone,Single-pitch,November | February,October | March,335 problems,0,1,335,0,0,0,0,0,0,listed inventory,V0 - V13,Chattanooga (CHA),Rocktown,https://www.mountainproject.com/area/106036120/rocktown,research,"One of the Southeast's best bouldering fields, with sculpted sandstone rails, slopers, roofs, and technical topouts spread through a forested plateau on Pigeon Mountain. A Georgia outdoor recreation pass and current access information are required.",,"Golden Shower (V5, boulder) | Nose Candy (V6, boulder) | The Scoop (V3, boulder)",50,95,75,45,10,10,10,10,10,80,100,40
tennessee-wall,The Tennessee Wall,Tennessee,Tennessee,35.07196,-85.40344,Trad,Trad | Sport,Sandstone,Single-pitch,October | April,November | March,312 climbs,34,281,0,0,1,0,0,1,0,listed inventory,5.6 - 5.13,Chattanooga (CHA),The Tennessee Wall,https://www.mountainproject.com/area/105851828/the-tennessee-wall,research,"A premier Southeastern traditional climbing cliff above the Tennessee River, offering long single-pitch cracks, corners, and faces on excellent sandstone. Seasonal hunting closures, parking, and Prentice Cooper Wildlife Management Area rules should be checked.",,"Prerequisite for Excellence (5.8, trad) | Golden Locks (5.9, trad) | Finger Lockin' Good (5.10b/c, trad)",50,45,75,95,40,10,10,10,10,100,80,10
jackson-falls,Jackson Falls,Illinois,Illinois,37.5066,-88.6816,Sport,Sport | Trad | Bouldering,Sandstone,Single-pitch,April | October,September | November,557 climbs,444,66,48,0,23,0,0,2,0,listed inventory,5.6 - 5.13 / V0 - V10,Veterans Airport of Southern Illinois (MWA) or St. Louis (STL),Jackson Falls,https://www.mountainproject.com/area/106017458/jackson-falls,research,"Illinois's largest route concentration and its leading sport-climbing destination, with pocketed sandstone walls, roofs, and a useful spread of traditional and boulder problems. Forest Service road, camping, and wet-rock conditions should be verified.",,"Group Therapy (5.10c, sport) | Cheerio Bowl (5.10a, sport) | Who Needs Friends (5.12a, sport)",10,10,50,100,45,10,10,10,80,95,75,10
holy-boulders,Holy Boulders,Illinois,Illinois,37.615,-89.4096,Bouldering,Bouldering,Sandstone,Single-pitch,March | November,February | October,393 problems,0,0,393,0,0,0,0,0,0,listed inventory,V0 - V13,St. Louis Lambert International (STL),Holy Boulders,https://www.mountainproject.com/area/108116766/holy-boulders,research,"A climber-owned sandstone bouldering preserve with exceptional texture, varied movement, and a dense circuit from moderates to testpieces. Access depends on following Illinois Climbers Association parking, trail, closure, and stewardship rules.",,"Atlas (V4, boulder) | Shadow of a Man (V5, boulder) | The Vultures (V9, boulder)",50,80,100,45,10,10,10,10,10,75,95,40
moes-valley,Moe's Valley,Utah,Utah,37.06928,-113.62301,Bouldering,Bouldering,Sandstone,Single-pitch,January | February,November | March,455 problems,0,0,455,0,0,0,0,0,0,listed inventory,V0 - V14,St. George Regional (SGU),Moe's Valley,https://www.mountainproject.com/area/106028834/moes-valley,research,"A major winter sandstone bouldering destination on the edge of St. George with a dense, approachable circuit and many hard testpieces. Never climb wet or damp sandstone, respect current land-management rules, and note that overnight camping is not permitted at the boulders.",,"The Spider (V3, boulder) | Underboy (V4, boulder) | Pink Lady (V6, boulder)",100,95,75,45,10,10,10,10,10,50,80,40
saxon-switzerland,Saxon Switzerland,Germany,International,50.918,14.15,Trad,Trad,Sandstone,Single + Multi,May | September,June | October,"21,000+ climbs",0,21000,0,0,0,0,0,0,0,listed inventory,Saxon I - XIIc,Dresden Airport (DRS),Saxon Switzerland climbing overview and rules,https://bergsteigerbund.de/bergsport/klettern-im-elbsandsteingebirge/,research,"One of the world's largest and most distinctive sandstone climbing landscapes, with more than 21,000 routes on approved free-standing towers. The legally embedded Saxon ethic is essential: climb only permitted dry peaks, use textile protection rather than metal gear, do not use chalk, stay on approved approaches, and check seasonal nesting closures.",,,5,10,30,70,95,85,70,75,100,80,30,10
montserrat,Montserrat,Spain,International,41.59325,1.83782,Sport,Sport | Trad,Conglomerate,Single + Multi,April | October,November | March,"5,600+ climbs",4500,1100,0,0,0,0,0,0,0,estimated split,5.3 - 5.14c,Barcelona-El Prat (BCN),Montserrat climbing regulations,https://muntanyamontserrat.gencat.cat/ca/el_parc/escalada/,research,"A vast Catalan conglomerate massif of rounded towers, long ridges, and steep walls, with more than 5,600 routes ranging from single-pitch sport climbing to serious multipitch adventures. Bolt spacing and route character vary widely, and the official zoning map includes permanent and seasonal nesting closures.",,,50,65,85,95,80,45,20,20,65,100,90,55
la-pedriza,La Pedriza,Spain,International,40.7755,-3.891,Bouldering,Sport | Trad | Bouldering,Granite,Single + Multi,April | October,November | March,"6,100+ climbs & problems",1500,1175,3472,0,0,0,0,0,0,estimated split,V0 - V14 / 5.4 - 5.13+,Madrid-Barajas (MAD),La Pedriza climbing regulations,https://www.parquenacionalsierraguadarrama.es/normativa/actividades-prug/354-regulacion-escalada,research,"A huge granite labyrinth in the Sierra de Guadarrama north of Madrid, combining roughly 3,470 documented boulder problems with 2,675 roped routes. Runout slabs, cracks, multipitch domes, annual nesting restrictions, and quota-controlled Canto Cochino vehicle access all shape trip planning.",,,65,75,90,95,70,30,5,5,55,100,95,70
zillertal,Zillertal,Austria,International,47.1008,11.80861,Bouldering,Bouldering | Sport,Granite / Gneiss,Single + Multi,July | September,June | August,"2,000+ climbs & problems",700,0,1300,0,0,0,0,0,0,listed inventory,V0 - V15 / 5.4 - 5.14,Innsbruck Airport (INN),"Ginzling Area, Zillertal",https://www.mountainproject.com/area/108012173/ginzling-area,research,"One of Austria's largest and most varied climbing valleys, with roughly 1,300 boulder problems, 700 sport routes, and dozens of multipitch lines on granite and gneiss. Snowmelt, summer storms, private-land parking, and tolled or seasonal upper-valley roads should be checked before choosing a sector.",,,5,10,20,45,75,90,95,90,100,65,25,5
chironico,Chironico,Switzerland,International,46.428425,8.846537,Bouldering,Bouldering,Gneiss,Single-pitch,March | October,April | November,"2,160+ problems",0,0,2160,0,0,0,0,0,0,listed inventory,V0 - V17,Milan Malpensa (MXP) or Zurich (ZRH),Chironico Boulder,https://www.ticino.ch/it/commons/details/Chironico-Boulder-/143952.html,research,"Ticino's largest bouldering destination, with more than two thousand gneiss problems spread through forested sectors above the Leventina valley. Cool, dry shoulder-season weather is ideal; respect private land, signed parking, and any sector-specific restrictions.",,"Fight Club (V15, boulder) | Big Paw (V14, boulder)",50,65,100,90,60,25,10,15,70,95,90,55
cresciano,Cresciano,Switzerland,International,46.282776,9.01291,Bouldering,Bouldering,Gneiss,Single-pitch,March | November,October | February,"1,850+ problems in the guide area",0,0,1850,0,0,0,0,0,0,listed inventory,V0 - V16,Milan Malpensa (MXP) or Zurich (ZRH),Cresciano Boulder guide,https://www.ticinoboulder.ch/ticino-guides,research,"A foundational world-class Ticino bouldering hub of technical slabs, compression lines, and steep testpieces on fine-grained gneiss. The 1,850-problem guide total spans 27 areas in the broader Riviera district, including Cresciano and nearby valleys. Driving the alpine road to the upper boulders is prohibited: park in the village, keep access clear, respect private property, and avoid wet rock.",,"Dreamtime (V15, boulder) | The Story of Two Worlds (V15, boulder)",80,90,100,85,55,20,10,15,60,95,100,85
brione-verzasca,Brione (Val Verzasca),Switzerland,International,46.291074,8.790997,Bouldering,Bouldering,Gneiss,Single-pitch,March | October,November | April,700+ problems,0,0,700,0,0,0,0,0,0,listed inventory,V0 - V16,Milan Malpensa (MXP) or Zurich (ZRH),Brione Verzasca bouldering area,https://www.ascona-locarno.com/en/alpinehut/details/Area-boulder-Brione-Verzasca/43160348,research,"An iconic bouldering area around Brione in the emerald-green Verzasca valley, with more than 700 problems on beautifully sculpted gneiss. Parking is controlled, private land must be respected, and the meadow sectors Vecchio Leone, Sbandiera Bianca, and Pianesc close from March 31 through October 15.","March: Cool spring conditions are prime for friction. Parking is controlled and generally paid; use signed spaces. The meadow sectors Vecchio Leone, Sbandiera Bianca, and Pianesc close from March 31 through October 15. | April: The meadow sectors Vecchio Leone, Sbandiera Bianca, and Pianesc are closed through October 15. Other sectors may remain available; respect private land, parking rules, and current signs. | May: The meadow sectors Vecchio Leone, Sbandiera Bianca, and Pianesc are closed through October 15. Other sectors may remain available; respect private land, parking rules, and current signs. | June: The meadow sectors Vecchio Leone, Sbandiera Bianca, and Pianesc are closed through October 15. Other sectors may remain available; respect private land, parking rules, and current signs. | July: The meadow sectors Vecchio Leone, Sbandiera Bianca, and Pianesc are closed through October 15. Other sectors may remain available; respect private land, parking rules, and current signs. | August: The meadow sectors Vecchio Leone, Sbandiera Bianca, and Pianesc are closed through October 15. Other sectors may remain available; respect private land, parking rules, and current signs. | September: The meadow sectors Vecchio Leone, Sbandiera Bianca, and Pianesc are closed through October 15. Other sectors may remain available; respect private land, parking rules, and current signs. | October: Autumn is a prime window after summer heat. The meadow sectors Vecchio Leone, Sbandiera Bianca, and Pianesc remain closed through October 15; follow current signs before entering.",,45,65,95,90,60,40,30,35,75,100,95,55
mallorca,Mallorca,Spain,International,39.5634,2.9883,Sport,Sport,Limestone,Single + Multi,February | November,October | December,"2,000+ climbs",1500,0,0,500,0,0,0,0,0,listed inventory,5.3 - 5.15a / DWS,Palma de Mallorca (PMI),Mallorca,https://www.mountainproject.com/area/106473527/mallorca,research,"A coherent island destination with more than fifteen hundred sport routes plus one of the world's premier deep-water-soloing circuits. Access is highly sensitive and several former crags have been restricted or lost; use current local guidance. Season and wind determine whether inland crags or coastal sectors work best, while DWS demands calm seas, safe exits, and team rescue readiness.",,,90,90,85,80,60,40,35,40,70,95,100,95
el-chorro,El Chorro,Spain,International,36.9085,-4.7603,Sport,Sport | Trad,Limestone,Single + Multi,February | November,December | January,"1,500+ climbs",1450,50,0,0,0,0,0,0,0,listed inventory,5.4 - 5.14d,Málaga-Costa del Sol (AGP),El Chorro,https://www.mountainproject.com/area/106822180/el-chorro,research,"A long-established Andalusian winter destination with a huge limestone inventory ranging from roadside sport crags to adventurous multipitch lines above the gorge. Climbing above the Caminito del Rey is prohibited year-round, and other sectors have authorization or seasonal closures; heat, loose rock, railway boundaries, and parking make the current regulation map essential.",,,95,100,90,75,50,20,10,10,35,80,95,100
chulilla,Chulilla,Spain,International,39.6585,-0.89036,Sport,Sport,Limestone,Single-pitch,November | December,January | February,"1,400+ climbs",1400,0,0,0,0,0,0,0,0,listed inventory,5.4 - 5.14d,Valencia (VLC),Chulilla climbing area,https://www.thecrag.com/en/climbing/spain/chulilla,research,"A premier Spanish limestone destination built around exceptionally long, endurance-heavy sport routes on both sides of a deep canyon. An 80-meter rope is standard for many sectors; aspect, heat, parking, and occasional closures should drive daily planning.",,,95,90,85,65,35,10,5,5,30,80,100,100
san-vito-lo-capo,San Vito lo Capo,Italy,International,38.1389,12.7579,Sport,Sport | Trad,Limestone,Single + Multi,February | November,December | January,"1,300+ climbs",1300,50,0,0,0,0,0,0,0,estimated split,5.4 - 5.14c,Palermo (PMO),Trapani - San Vito Area,https://www.mountainproject.com/area/107611524/trapani-san-vito-area,research,"A major Mediterranean limestone destination on Sicily's northwest coast, with dense sport crags, sea-cliff settings, and longer multipitch objectives. Marine corrosion has left some hardware suspect or broken, so consult the current problem-bolt and rebolting list before climbing; also respect parking, private property, and route restrictions.",,,90,95,90,80,55,25,10,10,45,90,100,95
gastlosen,Gastlosen,Switzerland,International,46.5571,7.2475,Sport,Sport | Trad,Limestone,Single + Multi,July | September,August | June,"1,213 climbs",1150,63,0,0,0,0,0,0,0,estimated split,5.4 - 5.15,Geneva (GVA) or Bern (BRN),Gastlosen topo guide,https://www.gastlosen.ch/produit/topo-guide-escalades-gastlosen-ch-2023/,research,"A striking chain of limestone towers in the Swiss Prealps with a dense mix of single-pitch sport climbing and long multipitch routes. Snowmelt, alpine storms, approach conditions, and route length make summer through early autumn the dependable window.",,"Hallo Marco (5.10a, sport) | Gasterix (5.11d, sport) | Yeah Man (5.14a, sport)",0,0,5,15,50,85,95,100,100,55,10,0
varazze,Varazze,Italy,International,44.397349,8.53996,Bouldering,Bouldering,Metabasite,Single-pitch,January | November,December | February,"1,100+ problems",0,0,1100,0,0,0,0,0,0,listed inventory,V0 - V16,Genoa (GOA),Varazze bouldering overview,https://www.planetmountain.com/en/crags/varazze.html,research,"A world-class riverbed and forest bouldering destination on the Italian Riviera, with more than a thousand metabasite problems and a famous concentration of difficult lines. Winter friction is ideal; avoid wet rock and follow the latest parking and access agreements.",,"Gioia (V16, boulder)",100,95,85,65,35,15,5,10,45,85,100,100
riglos,Riglos (Mallos de Riglos),Spain,International,42.34857,-0.72758,Sport,Sport | Trad,Conglomerate,Multi-pitch,April | October,May | March,300+ climbs,285,30,0,0,0,0,0,0,0,estimated split,5.7 - 5.12+,Zaragoza (ZAZ),Riglos,https://www.mountainproject.com/area/108851610/riglos,research,"Iconic 300-meter conglomerate towers above a small Aragonese village, offering steep, exposed multipitch climbing on embedded cobbles. Many routes are bolted but remain committing; heat, wind, loose rock, and complex descents reward conservative planning. Check current Monumento Natural and climbing-federation notices for wildlife, fire, and temporary closures.",,"Fiesta de los Bíceps (5.11d, sport) | Mosquitos (5.10d, sport) | Espolón del Adamello (5.10b, sport)",35,45,75,100,85,50,20,20,75,95,70,40
railay-tonsai,Railay & Tonsai,Thailand,International,8.0086,98.8397,Sport,Sport,Limestone,Single + Multi,January | February,December | March,800+ developed climbs,368,3,8,0,5,0,0,0,0,reference subset,5.4 - 5.14c,Krabi International (KBV),Laem Phra Nang (Railay & Tonsai),https://www.mountainproject.com/area/105894664/laem-phra-nang-railay-tonsai,research,"Southeast Asia's landmark limestone destination, reached by boat and built around steep tufa sport climbing, sea views, and a smaller set of multipitch routes. Coastal corrosion makes bolt material and rebolting status a critical route-level check, even on popular lines.",,"The Groove Tube (5.9-, sport) | Humanality (5.10c/d, sport) | Lord of the Thai's (5.12b, sport) | Crystal Flame (5.10c, sport)",100,95,75,45,10,10,10,10,10,10,50,80
thakhek-pha-tam-kam,Thakhek / Pha Tam Kam,Laos,International,17.45429,104.91376,Sport,Sport,Limestone,Single + Multi,December | January,November | February,600+ climbs,467,0,6,0,0,0,0,0,0,reference subset,5.6 - 5.13d,"Nakhon Phanom (KOP), border eligibility permitting",Thakhek (Pha Tam Kam),https://www.mountainproject.com/area/107457704/thakhek-pha-tam-kam,research,"Laos's principal climbing destination, centered on steep tufa and pocketed limestone beside Green Climbers Home, with hundreds of sport routes and a few multipitches. The climbing season generally runs October through May; winter is best, while late dry-season heat and regional smoke can matter. The KOP–Thakhek border crossing is not available to every nationality, so verify current visa and border eligibility before booking flights.",,"Kim und Struppi (5.10a, sport) | White Rabbit (5.10-, sport) | From Dusk til Dawn (5.10d, sport) | Jungle King (5.12b, sport)",95,75,45,10,10,10,10,10,10,50,80,100
serra-do-cipo,Serra do Cipó,Brazil,International,-19.30714,-43.61365,Sport,Sport,Limestone,Single-pitch,June | July,August | May,750+ developed climbs,750,0,0,0,0,0,0,0,0,listed inventory,5.9 - 5.15b,Belo Horizonte Confins (CNF),Serra do Cipó,https://climbcipo.com.br/setores-acesso/,research,"Brazil's best-known sport-climbing destination, with hundreds of limestone routes across dozens of sectors in the cerrado landscape of Minas Gerais. The dry season is most dependable; access and parking vary by sector and should be checked with the current local guide.",,,10,10,10,50,75,100,95,80,45,10,10,10
frey,Frey / Cerro Catedral,Argentina,International,-41.206,-71.4915,Trad,Trad | Sport,Granite,Multi-pitch,January | February,December | March,600+ climbs,23,91,0,0,0,29,0,1,0,reference subset,5.6 - 5.13+,San Carlos de Bariloche (BRC),Frey climbing guide,https://pataclimb.com/guidebook/guidebook_frey.html,research,"More than fifty golden granite spires surround Refugio Frey above Bariloche, creating one of South America's deepest alpine-rock destinations. Reaching the refugio requires a substantial hike and reservation; fast-changing Patagonian weather and self-reliant multipitch skills are central to the trip.",,"Diedro de Jim (5.8, trad) | Sifuentes-Weber (5.9, trad) | Imagínate (5.10b, trad)",100,95,75,45,10,10,10,10,10,10,50,80
valle-cochamo,Cochamó Valley,Chile,International,-41.4117,-72.1247,Trad,Trad | Sport,Granite,Multi-pitch,January | February,March | December,200+ climbs,7,56,1,0,0,2,0,6,0,reference subset,5.8 - 5.13b,Puerto Montt (PMC),Cochamó climbing guide,https://cochamo.com/en/climbing-cochamo/,research,"A remote Chilean valley of thousand-meter granite walls, often compared with Yosemite and known for committing cracks, faces, and big-wall routes. Entry requires a long approach and advance camping planning; the community-managed valley expects reservations, low-impact travel, and strong self-rescue skills.",,"E.Z. Does It (5.10+, trad) | Bienvenidos a mi Insomnia (5.11a, trad) | Al Centro y Adentro (5.11c, trad) | Positive Affect (5.12a, trad)",100,95,80,45,10,10,10,10,10,10,50,75
chalten-massif,Chaltén Massif,Argentina,International,-49.2717,-73.0471,Trad,Trad,Granite,Multi-pitch,January | February,December | November,420 climbs,0,38,0,0,0,38,11,4,5,reference subset,5.6 - 5.12 / WI5 / M5 / A2,El Calafate (FTE),Chaltén Massif guide,https://pataclimb.com/guidebook/guidebook.html,research,"The globally iconic Fitz Roy and Cerro Torre massif, with hundreds of serious alpine rock, ice, mixed, and aid routes on Patagonian granite spires. Weather windows are short and consequences high; current Los Glaciares registration, fees, conditions, and rescue limitations must be checked.",,"Supercanaleta (WI4 M5, alpine) | Via dei Ragni (WI5 M4+ A2, alpine) | Chiaro di Luna (5.10+, trad)",100,95,50,10,10,10,10,10,10,45,75,80
hampi,Hampi,India,International,15.34289,76.46133,Bouldering,Bouldering,Granite,Single-pitch,December | January,February | November,"1,400+ documented problems",0,0,1400,0,0,0,0,0,0,listed inventory,V0 - V13,Vijayanagar (VDY) or Hubballi (HBX),Hampi bouldering guide,https://climb-europe.com/products/golden-boulders-bouldering-guidebook-for-hampi,research,"A globally distinctive granite bouldering landscape woven through Hampi's UNESCO-listed ruins and surrounding villages. Climbing access can be sensitive and locally variable: use local guidance, avoid monuments and protected structures, and treat the route count and grades as guidebook estimates rather than an official inventory.",,,95,80,50,10,10,10,10,10,10,45,75,100
darran-mountains,Darran Mountains,New Zealand,International,-44.766389,168.002586,Trad,Trad | Sport,Granodiorite,Single + Multi,January | February,December | March,350+ climbs,,,,,,,,,,unavailable,NZ 8 - 32 / WI5,Queenstown (ZQN),Darran Mountains rock guide,https://shop.alpineclub.org.nz/feature/darran-mountains-rock-book-published,research,"New Zealand's premier alpine-rock district, spanning roadside sport, traditional multipitch, long alpine rock routes, and winter mixed objectives around Milford Road and Homer Hut. Fiordland weather, avalanche risk, Milford Road status, hut booking, and remote rescue logistics are material on every visit.",,"North Buttress (NZ 17, trad) | Quiet Earth (NZ 21, trad) | Vindication (NZ 25, sport)",100,95,75,45,10,10,10,10,10,10,50,80
valle-de-los-condores,Valle de los Cóndores,Chile,International,-35.967,-70.5636,Sport,Sport | Trad,Basalt,Single-pitch,November | April,March | October,403 catalogued climbs,390,13,0,0,0,0,0,0,0,listed inventory,5.4 - 5.15a,Santiago (SCL),Valle de los Cóndores climbing area,https://www.thecrag.com/en/climbing/chile/area/594286794,research,"A high Andean basalt destination near Talca with hundreds of steep sport routes, striking columns, and a growing international reputation. The remote plateau has no public transport, a rough access road, harsh weather, and winter snow, so vehicle and condition planning are essential.",,,10,10,80,95,50,10,10,10,45,75,100,40
los-arenales,Los Arenales,Argentina,International,-33.61959,-69.50999,Sport & Trad,Trad | Sport | Bouldering,Granite,Single + Multi,December | November,January | February,456 climbs + 34 problems,,,,,,,,,,unavailable,5.5 - 5.13d / V0 - V9,Mendoza (MDZ),Los Arenales climbing guide,https://www.nakaoutdoors.com.ar/4140-guia-de-escalada-arenales,research,"A remote high-Andes granite destination southwest of Mendoza, with 456 traditional and sport routes plus 34 boulder problems on walls and spires up to 750 meters. Single-pitch cragging and long multipitch objectives coexist; access-road conditions, altitude, storms, self-rescue, and the absence of nearby services demand careful preparation.",,,80,75,50,10,10,10,10,10,10,45,95,100
la-huasteca,La Huasteca,Mexico,International,25.64936,-100.45082,Sport,Sport | Trad,Limestone,Single + Multi,November | December,February | January,Nearly 500 developed climbs,270,2,0,0,1,0,0,0,0,reference subset,5.7 - 5.14,Monterrey International (MTY),La Huasteca,https://www.mountainproject.com/area/107972521/la-huasteca,research,"An urban-adjacent limestone canyon west of Monterrey with hundreds of bolted crag routes and adventure walls approaching a thousand feet. The dependable season is fall through early spring; summer heat can be extreme, and access or security conditions should be checked locally.",,"Grieta Larga (5.9, sport) | La Vecina (5.9, sport) | Conspiración Cósmica (5.12a, sport)",75,80,50,10,10,10,10,10,10,45,100,95
suesca,Suesca,Colombia,International,5.09366,-73.79201,Trad,Trad | Sport,Sandstone,Single + Multi,January | July,February | December,400+ developed climbs,80,134,0,0,0,0,0,1,0,reference subset,5.6 - 5.13c,Bogotá El Dorado (BOG),Suesca climbing area,https://colombia.travel/en/blog/zipaquira-discover-the-rocks-of-suesca,research,"The birthplace of Colombian climbing, with a long sandstone escarpment and hundreds of traditional, sport, and multipitch routes an easy trip from Bogotá. Climbing is possible year-round, but the drier windows are best; respect railway, private-property, and reserve signage.",,,100,80,10,10,10,50,95,45,10,10,10,75
piedra-parada,Piedra Parada / La Buitrera,Argentina,International,-42.65208,-70.10366,Sport,Sport | Trad,Volcanic Tuff,Single + Multi,November | December,March | February,300+ developed climbs,115,2,0,0,0,0,0,1,0,reference subset,5.7 - 5.14,Esquel (EQS),Piedra Parada,https://www.larutanatural.gob.ar/en/must-see/34/piedra-parada,research,"A Patagonian sport destination centered on the long volcanic-tuff walls of La Buitrera canyon and the freestanding Piedra Parada monolith. The official climbing season is October through April; climbing is prohibited May through September, and the remote setting requires water and transport planning.",May: Climbing is prohibited at Piedra Parada and La Buitrera from May through September. Plan for the official October-through-April climbing season. | June: Climbing is prohibited at Piedra Parada and La Buitrera from May through September. Plan for the official October-through-April climbing season. | July: Climbing is prohibited at Piedra Parada and La Buitrera from May through September. Plan for the official October-through-April climbing season. | August: Climbing is prohibited at Piedra Parada and La Buitrera from May through September. Plan for the official October-through-April climbing season. | September: Climbing is prohibited at Piedra Parada and La Buitrera from May through September. Plan for the official October-through-April climbing season.,,50,75,80,45,10,10,10,10,10,40,100,95
